Store,DayOfWeekNumber,DayOfWeekName,SaleDate,Sales,Customers,Open,Promo,StateHoliday,SchoolHoliday,StoreType,Assortment,HasCompetition,CompetitionDistance,CompetitionCategory,CompetitionOpenDate,StorePromo,PromoSinceWeek,PromoSinceYear,PromoInterval
2,2,Tue,14/04/08,4475,519,Yes,No,No,No,A,Basic,Yes,570,#REF!,01/11/07,Yes,13,2010,"Jan,Apr,Jul,Oct"
2,4,Thu,25/07/13,3531,496,Yes,No,No,Yes,A,Basic,Yes,570,#REF!,01/11/07,Yes,13,2010,"Jan,Apr,Jul,Oct"
2,4,Thu,14/09/18,4994,556,Yes,Yes,No,No,A,Basic,Yes,570,Far,01/11/07,Yes,13,2010,"Jan,Apr,Jul,Oct"
3,1,Mon,15/02/09,5027,643,Yes,No,No,No,A,Basic,Yes,14130,Medium,01/12/06,Yes,14,2011,"Jan,Apr,Jul,Oct"
3,4,Thu,21/03/13,8245,855,Yes,Yes,No,No,A,Basic,Yes,14130,Medium,01/12/06,Yes,14,2011,"Jan,Apr,Jul,Oct"
3,3,Wed,03/09/14,8659,843,Yes,Yes,No,No,A,Basic,Yes,14130,Medium,01/12/06,Yes,14,2011,"Jan,Apr,Jul,Oct"
3,4,Thu,23/10/14,7177,788,Yes,Yes,No,No,A,Basic,Yes,14130,Far,01/12/06,Yes,14,2011,"Jan,Apr,Jul,Oct"
3,1,Mon,08/11/14,6114,757,Yes,No,No,Yes,A,Basic,Yes,14130,Far,01/12/06,Yes,14,2011,"Jan,Apr,Jul,Oct"
3,1,Mon,14/03/24,5248,696,Yes,No,No,No,A,Basic,Yes,14130,Far,01/12/06,Yes,14,2011,"Jan,Apr,Jul,Oct"
11,3,Wed,15/03/04,8625,1154,Yes,Yes,No,No,A,Extended,Yes,960,Far,01/11/11,Yes,1,2012,"Jan,Apr,Jul,Oct"
11,5,Fri,14/04/11,7547,1132,Yes,No,No,No,A,Extended,Yes,960,Far,01/11/11,Yes,1,2012,"Jan,Apr,Jul,Oct"
11,2,Tue,24/03/15,6661,997,Yes,No,No,No,A,Extended,Yes,960,Far,01/11/11,Yes,1,2012,"Jan,Apr,Jul,Oct"
11,4,Thu,15/05/28,7172,1009,Yes,No,No,No,A,Extended,Yes,960,Far,01/11/11,Yes,1,2012,"Jan,Apr,Jul,Oct"
11,1,Mon,13/12/30,11656,1568,Yes,No,No,Yes,A,Extended,Yes,960,Far,01/11/11,Yes,1,2012,"Jan,Apr,Jul,Oct"
15,6,Sat,09/03/13,5963,633,Yes,No,No,No,D,Extended,Yes,4110,Far,01/03/10,Yes,14,2011,"Jan,Apr,Jul,Oct"
17,1,Mon,19/08/13,5084,768,Yes,No,No,Yes,A,Basic,Yes,50,Far,01/12/05,Yes,26,2010,"Jan,Apr,Jul,Oct"
17,4,Thu,22/08/13,5244,807,Yes,No,No,Yes,A,Basic,Yes,50,Far,01/12/05,Yes,26,2010,"Jan,Apr,Jul,Oct"
17,2,Tue,15/07/14,8993,1068,Yes,Yes,No,No,A,Basic,Yes,50,Far,01/12/05,Yes,26,2010,"Jan,Apr,Jul,Oct"
17,6,Sat,04/07/15,2592,320,Yes,No,No,No,A,Basic,Yes,50,Far,01/12/05,Yes,26,2010,"Jan,Apr,Jul,Oct"
17,1,Mon,14/05/26,4708,716,Yes,No,No,No,A,Basic,Yes,50,Far,01/12/05,Yes,26,2010,"Jan,Apr,Jul,Oct"
17,5,Fri,15/03/27,5092,659,Yes,No,No,No,A,Basic,Yes,50,Far,01/12/05,Yes,26,2010,"Jan,Apr,Jul,Oct"
18,6,Sat,29/11/14,5953,608,Yes,No,No,No,D,Extended,Yes,13840,Medium,01/06/10,Yes,14,2012,"Jan,Apr,Jul,Oct"
18,6,Sat,14/03/15,4597,478,Yes,No,No,No,D,Extended,Yes,13840,Medium,01/06/10,Yes,14,2012,"Jan,Apr,Jul,Oct"
18,2,Tue,17/03/15,7714,814,Yes,Yes,No,No,D,Extended,Yes,13840,Far,01/06/10,Yes,14,2012,"Jan,Apr,Jul,Oct"
20,5,Fri,03/05/13,8505,848,Yes,Yes,No,No,D,Basic,Yes,2340,Far,01/05/09,Yes,40,2014,"Jan,Apr,Jul,Oct"
20,4,Thu,13/06/20,8086,971,Yes,Yes,No,No,D,Basic,Yes,2340,Medium,01/05/09,Yes,40,2014,"Jan,Apr,Jul,Oct"
21,1,Mon,07/01/13,9580,754,Yes,Yes,No,No,C,Extended,Yes,550,Far,01/10/99,Yes,45,2009,"Jan,Apr,Jul,Oct"
21,3,Wed,26/03/14,3019,353,Yes,No,No,No,C,Extended,Yes,550,Far,01/10/99,Yes,45,2009,"Jan,Apr,Jul,Oct"
21,3,Wed,13/03/27,7370,692,Yes,Yes,No,Yes,C,Extended,Yes,550,Far,01/10/99,Yes,45,2009,"Jan,Apr,Jul,Oct"
24,5,Fri,04/01/13,8419,813,Yes,No,No,Yes,A,Extended,Yes,4590,Far,01/03/00,Yes,40,2011,"Jan,Apr,Jul,Oct"
24,4,Thu,05/02/13,11799,1050,Yes,Yes,No,No,A,Extended,Yes,4590,Medium,01/03/00,Yes,40,2011,"Jan,Apr,Jul,Oct"
24,6,Sat,18/05/13,7358,730,Yes,No,No,No,A,Extended,Yes,4590,Far,01/03/00,Yes,40,2011,"Jan,Apr,Jul,Oct"
24,1,Mon,20/01/14,13643,1034,Yes,Yes,No,No,A,Extended,Yes,4590,Far,01/03/00,Yes,40,2011,"Jan,Apr,Jul,Oct"
24,2,Tue,30/09/14,16957,1258,Yes,Yes,No,No,A,Extended,Yes,4590,Far,01/03/00,Yes,40,2011,"Jan,Apr,Jul,Oct"
24,5,Fri,07/11/14,7930,744,Yes,No,No,Yes,A,Extended,Yes,4590,Far,01/03/00,Yes,40,2011,"Jan,Apr,Jul,Oct"
24,2,Tue,03/02/15,11866,984,Yes,Yes,No,No,A,Extended,Yes,4590,Far,01/03/00,Yes,40,2011,"Jan,Apr,Jul,Oct"
27,2,Tue,02/12/13,7192,965,Yes,No,No,No,A,Basic,Yes,60,Far,01/01/05,Yes,5,2011,"Jan,Apr,Jul,Oct"
28,4,Thu,13/08/08,4852,604,Yes,No,No,Yes,A,Basic,Yes,1200,Far,01/10/14,Yes,6,2015,"Mar,Jun,Sept,Dec"
28,3,Wed,13/03/13,4037,501,Yes,No,No,No,A,Basic,Yes,1200,Far,01/10/14,Yes,6,2015,"Mar,Jun,Sept,Dec"
28,4,Thu,25/04/13,5446,598,Yes,Yes,No,No,A,Basic,Yes,1200,Far,01/10/14,Yes,6,2015,"Mar,Jun,Sept,Dec"
28,5,Fri,18/10/13,4392,547,Yes,No,No,No,A,Basic,Yes,1200,Medium,01/10/14,Yes,6,2015,"Mar,Jun,Sept,Dec"
28,4,Thu,13/11/14,4567,529,Yes,Yes,No,No,A,Basic,Yes,1200,Medium,01/10/14,Yes,6,2015,"Mar,Jun,Sept,Dec"
28,5,Fri,13/02/15,5101,573,Yes,No,No,Yes,A,Basic,Yes,1200,Far,01/10/14,Yes,6,2015,"Mar,Jun,Sept,Dec"
30,6,Sat,15/01/17,4375,706,Yes,No,No,No,A,Basic,Yes,40,Medium,01/02/14,Yes,10,2014,"Mar,Jun,Sept,Dec"
30,3,Wed,14/06/25,3153,523,Yes,No,No,No,A,Basic,Yes,40,Medium,01/02/14,Yes,10,2014,"Mar,Jun,Sept,Dec"
36,4,Thu,16/05/13,9739,1181,Yes,Yes,No,No,A,Extended,Yes,540,Far,01/06/03,Yes,40,2014,"Jan,Apr,Jul,Oct"
36,3,Wed,20/11/13,8449,1033,Yes,Yes,No,No,A,Extended,Yes,540,Medium,01/06/03,Yes,40,2014,"Jan,Apr,Jul,Oct"
36,2,Tue,04/07/15,10316,1139,Yes,No,No,Yes,A,Extended,Yes,540,Medium,01/06/03,Yes,40,2014,"Jan,Apr,Jul,Oct"
39,3,Wed,13/03/13,3397,519,Yes,No,No,No,A,Basic,Yes,260,Far,01/10/06,Yes,31,2013,"Feb,May,Aug,Nov"
39,5,Fri,17/05/13,4530,630,Yes,Yes,No,No,A,Basic,Yes,260,Far,01/10/06,Yes,31,2013,"Feb,May,Aug,Nov"
39,1,Mon,31/03/14,9103,1002,Yes,Yes,No,No,A,Basic,Yes,260,Far,01/10/06,Yes,31,2013,"Feb,May,Aug,Nov"
39,4,Thu,13/04/18,3026,485,Yes,No,No,No,A,Basic,Yes,260,Medium,01/10/06,Yes,31,2013,"Feb,May,Aug,Nov"
46,3,Wed,27/11/13,3571,562,Yes,No,No,No,C,Basic,Yes,1200,Medium,01/09/05,Yes,14,2011,"Jan,Apr,Jul,Oct"
47,2,Tue,22/01/13,7282,935,Yes,Yes,No,No,A,Extended,Yes,270,Far,01/04/13,Yes,14,2013,"Jan,Apr,Jul,Oct"
47,4,Thu,14/02/13,5656,894,Yes,No,No,No,A,Extended,Yes,270,Medium,01/04/13,Yes,14,2013,"Jan,Apr,Jul,Oct"
47,2,Tue,30/07/13,9246,1078,Yes,Yes,No,Yes,A,Extended,Yes,270,Medium,01/04/13,Yes,14,2013,"Jan,Apr,Jul,Oct"
47,5,Fri,28/03/14,5932,799,Yes,No,No,No,A,Extended,Yes,270,Far,01/04/13,Yes,14,2013,"Jan,Apr,Jul,Oct"
47,6,Sat,25/10/14,5399,721,Yes,No,No,No,A,Extended,Yes,270,Far,01/04/13,Yes,14,2013,"Jan,Apr,Jul,Oct"
51,5,Fri,23/05/14,8414,567,Yes,Yes,No,No,A,Extended,Yes,10570,Far,01/07/13,Yes,9,2011,"Jan,Apr,Jul,Oct"
51,1,Mon,20/07/15,7202,500,Yes,No,No,No,A,Extended,Yes,10570,Far,01/07/13,Yes,9,2011,"Jan,Apr,Jul,Oct"
51,1,Mon,13/07/29,8335,576,Yes,Yes,No,No,A,Extended,Yes,10570,Far,01/07/13,Yes,9,2011,"Jan,Apr,Jul,Oct"
52,6,Sat,16/11/13,8371,566,Yes,No,No,No,D,Extended,Yes,450,Far,01/04/14,Yes,39,2010,"Jan,Apr,Jul,Oct"
52,5,Fri,20/02/15,7045,466,Yes,Yes,No,Yes,D,Extended,Yes,450,Far,01/04/14,Yes,39,2010,"Jan,Apr,Jul,Oct"
54,5,Fri,04/04/14,9483,826,Yes,Yes,No,No,D,Extended,Yes,7170,Far,01/08/14,Yes,5,2013,"Feb,May,Aug,Nov"
54,3,Wed,22/07/15,5212,511,Yes,No,No,Yes,D,Extended,Yes,7170,Far,01/08/14,Yes,5,2013,"Feb,May,Aug,Nov"
56,5,Fri,05/03/13,8425,628,Yes,Yes,No,No,D,Extended,Yes,6620,Far,01/03/12,Yes,10,2014,"Mar,Jun,Sept,Dec"
56,3,Wed,11/12/13,5750,379,Yes,No,No,No,D,Extended,Yes,6620,Far,01/03/12,Yes,10,2014,"Mar,Jun,Sept,Dec"
56,4,Thu,30/01/14,5077,367,Yes,No,No,No,D,Extended,Yes,6620,Far,01/03/12,Yes,10,2014,"Mar,Jun,Sept,Dec"
58,4,Thu,26/03/15,5540,499,Yes,No,No,No,A,Extended,Yes,7340,Far,01/05/08,Yes,27,2012,"Jan,Apr,Jul,Oct"
58,4,Thu,13/06/20,6020,491,Yes,Yes,No,No,A,Extended,Yes,7340,Far,01/05/08,Yes,27,2012,"Jan,Apr,Jul,Oct"
59,3,Wed,04/10/13,6171,602,Yes,Yes,No,No,A,Extended,Yes,2840,Far,01/06/07,Yes,14,2011,"Jan,Apr,Jul,Oct"
59,4,Thu,24/10/13,5653,575,Yes,Yes,No,Yes,A,Extended,Yes,2840,Far,01/06/07,Yes,14,2011,"Jan,Apr,Jul,Oct"
59,5,Fri,14/02/14,5818,617,Yes,No,No,No,A,Extended,Yes,2840,Far,01/06/07,Yes,14,2011,"Jan,Apr,Jul,Oct"
59,3,Wed,18/06/14,6488,629,Yes,Yes,No,No,A,Extended,Yes,2840,Far,01/06/07,Yes,14,2011,"Jan,Apr,Jul,Oct"
59,6,Sat,13/09/14,2558,287,Yes,No,No,No,A,Extended,Yes,2840,Far,01/06/07,Yes,14,2011,"Jan,Apr,Jul,Oct"
63,1,Mon,12/01/14,12065,917,Yes,Yes,No,No,C,Extended,Yes,3700,Far,01/06/10,Yes,18,2010,"Feb,May,Aug,Nov"
63,5,Fri,04/10/15,5755,589,Yes,No,No,Yes,C,Extended,Yes,3700,Far,01/06/10,Yes,18,2010,"Feb,May,Aug,Nov"
71,2,Tue,14/05/13,10767,853,Yes,Yes,No,No,A,Basic,Yes,17500,Medium,01/08/08,Yes,37,2009,"Mar,Jun,Sept,Dec"
71,5,Fri,07/03/15,10501,800,Yes,Yes,No,Yes,A,Basic,Yes,17500,Far,01/08/08,Yes,37,2009,"Mar,Jun,Sept,Dec"
72,3,Wed,06/11/14,3905,454,Yes,No,No,Yes,A,Basic,Yes,2200,Far,01/12/09,Yes,13,2010,"Jan,Apr,Jul,Oct"
77,6,Sat,23/03/13,8143,699,Yes,No,No,No,D,Extended,Yes,1090,Far,01/08/09,Yes,10,2014,"Jan,Apr,Jul,Oct"
77,5,Fri,16/08/13,7608,682,Yes,Yes,No,Yes,D,Extended,Yes,1090,Far,01/08/09,Yes,10,2014,"Jan,Apr,Jul,Oct"
77,6,Sat,12/06/14,8548,726,Yes,No,No,No,D,Extended,Yes,1090,Medium,01/08/09,Yes,10,2014,"Jan,Apr,Jul,Oct"
77,4,Thu,26/06/14,5396,520,Yes,No,No,No,D,Extended,Yes,1090,Far,01/08/09,Yes,10,2014,"Jan,Apr,Jul,Oct"
77,1,Mon,23/03/15,6645,613,Yes,No,No,No,D,Extended,Yes,1090,Far,01/08/09,Yes,10,2014,"Jan,Apr,Jul,Oct"
77,3,Wed,03/06/15,10288,820,Yes,Yes,No,No,D,Extended,Yes,1090,Far,01/08/09,Yes,10,2014,"Jan,Apr,Jul,Oct"
77,3,Wed,15/06/17,7647,611,Yes,Yes,No,No,D,Extended,Yes,1090,Far,01/08/09,Yes,10,2014,"Jan,Apr,Jul,Oct"
78,1,Mon,03/11/14,5776,663,Yes,Yes,No,No,A,Basic,Yes,3510,Far,01/11/06,Yes,5,2013,"Feb,May,Aug,Nov"
78,5,Fri,15/03/20,4474,560,Yes,Yes,No,No,A,Basic,Yes,3510,Far,01/11/06,Yes,5,2013,"Feb,May,Aug,Nov"
78,4,Thu,13/02/28,3516,471,Yes,No,No,No,A,Basic,Yes,3510,Far,01/11/06,Yes,5,2013,"Feb,May,Aug,Nov"
81,2,Tue,12/02/13,3730,337,Yes,No,No,Yes,A,Basic,Yes,2370,Far,01/03/11,Yes,40,2014,"Jan,Apr,Jul,Oct"
81,2,Tue,19/03/13,6494,547,Yes,Yes,No,No,A,Basic,Yes,2370,Medium,01/03/11,Yes,40,2014,"Jan,Apr,Jul,Oct"
81,1,Mon,29/06/15,10348,674,Yes,Yes,No,No,A,Basic,Yes,2370,Medium,01/03/11,Yes,40,2014,"Jan,Apr,Jul,Oct"
82,6,Sat,20/04/13,4985,473,Yes,No,No,No,A,Basic,Yes,22390,Medium,01/04/08,Yes,37,2009,"Jan,Apr,Jul,Oct"
82,5,Fri,05/07/13,10619,1003,Yes,Yes,No,No,A,Basic,Yes,22390,Far,01/04/08,Yes,37,2009,"Jan,Apr,Jul,Oct"
82,5,Fri,07/02/14,10282,1044,Yes,Yes,No,No,A,Basic,Yes,22390,Far,01/04/08,Yes,37,2009,"Jan,Apr,Jul,Oct"
82,6,Sat,22/02/14,5591,540,Yes,No,No,No,A,Basic,Yes,22390,Medium,01/04/08,Yes,37,2009,"Jan,Apr,Jul,Oct"
82,4,Thu,20/03/14,8916,861,Yes,Yes,No,No,A,Basic,Yes,22390,Far,01/04/08,Yes,37,2009,"Jan,Apr,Jul,Oct"
82,5,Fri,14/11/14,10917,979,Yes,Yes,No,No,A,Basic,Yes,22390,Far,01/04/08,Yes,37,2009,"Jan,Apr,Jul,Oct"
82,3,Wed,17/12/14,15440,1248,Yes,Yes,No,No,A,Basic,Yes,22390,Far,01/04/08,Yes,37,2009,"Jan,Apr,Jul,Oct"
82,4,Thu,13/08/15,9597,899,Yes,Yes,No,Yes,A,Basic,Yes,22390,Far,01/04/08,Yes,37,2009,"Jan,Apr,Jul,Oct"
86,3,Wed,20/03/13,3543,470,Yes,Yes,No,No,A,Basic,Yes,480,Far,01/02/05,Yes,31,2013,"Jan,Apr,Jul,Oct"
86,6,Sat,09/11/13,4864,693,Yes,No,No,No,A,Basic,Yes,480,Far,01/02/05,Yes,31,2013,"Jan,Apr,Jul,Oct"
86,3,Wed,18/12/13,7987,883,Yes,Yes,No,No,A,Basic,Yes,480,Far,01/02/05,Yes,31,2013,"Jan,Apr,Jul,Oct"
86,6,Sat,26/04/14,4061,529,Yes,No,No,No,A,Basic,Yes,480,Medium,01/02/05,Yes,31,2013,"Jan,Apr,Jul,Oct"
86,6,Sat,11/08/14,4123,560,Yes,No,No,No,A,Basic,Yes,480,Medium,01/02/05,Yes,31,2013,"Jan,Apr,Jul,Oct"
86,3,Wed,04/09/14,3845,565,Yes,No,No,No,A,Basic,Yes,480,Far,01/02/05,Yes,31,2013,"Jan,Apr,Jul,Oct"
86,4,Thu,15/03/26,4125,525,Yes,No,No,No,A,Basic,Yes,480,Medium,01/02/05,Yes,31,2013,"Jan,Apr,Jul,Oct"
89,2,Tue,13/09/10,6370,629,Yes,Yes,No,Yes,A,Basic,Yes,2380,Medium,01/07/04,Yes,40,2014,"Jan,Apr,Jul,Oct"
89,1,Mon,08/04/13,7867,768,Yes,Yes,No,No,A,Basic,Yes,2380,Medium,01/07/04,Yes,40,2014,"Jan,Apr,Jul,Oct"
89,1,Mon,11/11/13,5827,669,Yes,No,No,No,A,Basic,Yes,2380,Medium,01/07/04,Yes,40,2014,"Jan,Apr,Jul,Oct"
89,2,Tue,02/03/15,6755,694,Yes,Yes,No,No,A,Basic,Yes,2380,Far,01/07/04,Yes,40,2014,"Jan,Apr,Jul,Oct"
89,1,Mon,15/03/16,8783,802,Yes,Yes,No,No,A,Basic,Yes,2380,Far,01/07/04,Yes,40,2014,"Jan,Apr,Jul,Oct"
96,2,Tue,13/11/12,4201,537,Yes,No,No,No,A,Basic,Yes,8780,Far,01/02/05,Yes,37,2009,"Jan,Apr,Jul,Oct"
96,3,Wed,04/12/13,8614,753,Yes,Yes,No,No,A,Basic,Yes,8780,Far,01/02/05,Yes,37,2009,"Jan,Apr,Jul,Oct"
96,5,Fri,14/09/19,5302,561,Yes,Yes,No,No,A,Basic,Yes,8780,Far,01/02/05,Yes,37,2009,"Jan,Apr,Jul,Oct"
96,3,Wed,13/10/23,5613,604,Yes,Yes,No,Yes,A,Basic,Yes,8780,Medium,01/02/05,Yes,37,2009,"Jan,Apr,Jul,Oct"
99,4,Thu,13/01/17,1889,206,Yes,No,No,No,C,Extended,Yes,2030,Far,01/11/03,Yes,22,2012,"Mar,Jun,Sept,Dec"
102,4,Thu,24/01/13,7924,1098,Yes,Yes,No,No,A,Basic,Yes,150,Far,01/12/07,Yes,10,2014,"Mar,Jun,Sept,Dec"
102,5,Fri,20/06/14,11371,1473,Yes,Yes,No,No,A,Basic,Yes,150,Far,01/12/07,Yes,10,2014,"Mar,Jun,Sept,Dec"
115,1,Mon,29/07/13,8770,622,Yes,Yes,No,No,D,Extended,Yes,5740,Medium,01/04/07,Yes,40,2014,"Jan,Apr,Jul,Oct"
115,1,Mon,23/02/15,6100,465,Yes,No,No,No,D,Extended,Yes,5740,Far,01/04/07,Yes,40,2014,"Jan,Apr,Jul,Oct"
120,3,Wed,15/05/13,7088,693,Yes,No,No,No,D,Basic,Yes,2290,Far,01/12/14,Yes,37,2009,"Jan,Apr,Jul,Oct"
120,2,Tue,22/10/13,6263,589,Yes,Yes,No,Yes,D,Basic,Yes,2290,Far,01/12/14,Yes,37,2009,"Jan,Apr,Jul,Oct"
120,5,Fri,01/11/13,6638,638,Yes,No,No,No,D,Basic,Yes,2290,Far,01/12/14,Yes,37,2009,"Jan,Apr,Jul,Oct"
120,3,Wed,26/03/14,4887,518,Yes,No,No,No,D,Basic,Yes,2290,Far,01/12/14,Yes,37,2009,"Jan,Apr,Jul,Oct"
120,4,Thu,02/05/15,7756,636,Yes,Yes,No,No,D,Basic,Yes,2290,Far,01/12/14,Yes,37,2009,"Jan,Apr,Jul,Oct"
121,3,Wed,04/03/15,5434,535,Yes,Yes,No,No,A,Basic,Yes,3570,Far,01/11/09,Yes,36,2013,"Mar,Jun,Sept,Dec"
121,6,Sat,13/06/29,2238,239,Yes,No,No,No,A,Basic,Yes,3570,Medium,01/11/09,Yes,36,2013,"Mar,Jun,Sept,Dec"
126,4,Thu,29/08/13,14504,583,Yes,Yes,No,Yes,D,Basic,Yes,3370,Far,01/10/14,Yes,18,2011,"Feb,May,Aug,Nov"
126,5,Fri,06/12/13,6665,626,Yes,Yes,No,No,D,Basic,Yes,3370,Far,01/10/14,Yes,18,2011,"Feb,May,Aug,Nov"
126,5,Fri,21/02/14,6710,588,Yes,Yes,No,No,D,Basic,Yes,3370,Medium,01/10/14,Yes,18,2011,"Feb,May,Aug,Nov"
126,5,Fri,01/08/14,6876,610,Yes,Yes,No,Yes,D,Basic,Yes,3370,Far,01/10/14,Yes,18,2011,"Feb,May,Aug,Nov"
126,1,Mon,08/12/14,4517,448,Yes,No,No,No,D,Basic,Yes,3370,Far,01/10/14,Yes,18,2011,"Feb,May,Aug,Nov"
126,6,Sat,14/03/15,4471,449,Yes,No,No,No,D,Basic,Yes,3370,Far,01/10/14,Yes,18,2011,"Feb,May,Aug,Nov"
126,6,Sat,11/04/15,4587,440,Yes,No,No,No,D,Basic,Yes,3370,Far,01/10/14,Yes,18,2011,"Feb,May,Aug,Nov"
126,1,Mon,08/06/15,5201,473,Yes,No,No,No,D,Basic,Yes,3370,Medium,01/10/14,Yes,18,2011,"Feb,May,Aug,Nov"
127,3,Wed,29/01/14,3366,447,Yes,No,No,No,D,Basic,Yes,1350,Medium,01/12/05,Yes,13,2010,"Jan,Apr,Jul,Oct"
127,1,Mon,10/02/14,4080,566,Yes,No,No,No,D,Basic,Yes,1350,Medium,01/12/05,Yes,13,2010,"Jan,Apr,Jul,Oct"
127,1,Mon,26/01/15,6652,755,Yes,Yes,No,No,D,Basic,Yes,1350,Far,01/12/05,Yes,13,2010,"Jan,Apr,Jul,Oct"
127,6,Sat,11/07/15,4841,711,Yes,No,No,No,D,Basic,Yes,1350,Medium,01/12/05,Yes,13,2010,"Jan,Apr,Jul,Oct"
133,6,Sat,06/07/13,4068,441,Yes,No,No,No,A,Basic,Yes,270,Medium,01/08/13,Yes,10,2014,"Mar,Jun,Sept,Dec"
133,2,Tue,07/01/14,8544,983,Yes,Yes,No,No,A,Basic,Yes,270,Far,01/08/13,Yes,10,2014,"Mar,Jun,Sept,Dec"
133,4,Thu,11/06/14,7982,845,Yes,Yes,No,No,A,Basic,Yes,270,Medium,01/08/13,Yes,10,2014,"Mar,Jun,Sept,Dec"
133,3,Wed,24/06/15,5220,579,Yes,No,No,No,A,Basic,Yes,270,Medium,01/08/13,Yes,10,2014,"Mar,Jun,Sept,Dec"
136,1,Mon,02/11/13,3495,303,Yes,No,No,Yes,A,Extended,Yes,2200,Far,01/12/10,Yes,22,2012,"Feb,May,Aug,Nov"
137,2,Tue,05/03/13,9445,1083,Yes,Yes,No,No,A,Basic,Yes,1730,Far,01/07/15,Yes,40,2014,"Jan,Apr,Jul,Oct"
137,1,Mon,03/03/14,12091,1209,Yes,Yes,No,Yes,A,Basic,Yes,1730,Far,01/07/15,Yes,40,2014,"Jan,Apr,Jul,Oct"
137,4,Thu,04/03/14,8716,1065,Yes,Yes,No,No,A,Basic,Yes,1730,Medium,01/07/15,Yes,40,2014,"Jan,Apr,Jul,Oct"
137,4,Thu,21/05/15,9519,979,Yes,Yes,No,No,A,Basic,Yes,1730,Far,01/07/15,Yes,40,2014,"Jan,Apr,Jul,Oct"
137,1,Mon,29/06/15,12070,1209,Yes,Yes,No,No,A,Basic,Yes,1730,Far,01/07/15,Yes,40,2014,"Jan,Apr,Jul,Oct"
139,4,Thu,14/03/13,5000,475,Yes,No,No,No,A,Basic,Yes,1700,Far,01/01/08,Yes,14,2011,"Jan,Apr,Jul,Oct"
139,5,Fri,19/04/13,5851,504,Yes,No,No,No,A,Basic,Yes,1700,Far,01/01/08,Yes,14,2011,"Jan,Apr,Jul,Oct"
139,3,Wed,15/02/25,5997,484,Yes,No,No,No,A,Basic,Yes,1700,Far,01/01/08,Yes,14,2011,"Jan,Apr,Jul,Oct"
146,3,Wed,14/07/02,8586,754,Yes,Yes,No,No,D,Extended,Yes,8050,Medium,01/10/61,Yes,48,2012,"Jan,Apr,Jul,Oct"
146,1,Mon,25/11/13,7974,660,Yes,No,No,No,D,Extended,Yes,8050,Far,01/10/61,Yes,48,2012,"Jan,Apr,Jul,Oct"
146,5,Fri,01/03/14,7115,714,Yes,No,No,Yes,D,Extended,Yes,8050,Far,01/10/61,Yes,48,2012,"Jan,Apr,Jul,Oct"
146,6,Sat,22/03/14,5854,638,Yes,No,No,No,D,Extended,Yes,8050,Far,01/10/61,Yes,48,2012,"Jan,Apr,Jul,Oct"
149,5,Fri,05/10/13,6303,566,Yes,No,No,No,D,Basic,Yes,2610,Far,01/07/06,Yes,14,2011,"Jan,Apr,Jul,Oct"
149,5,Fri,24/01/14,6007,478,Yes,Yes,No,No,D,Basic,Yes,2610,Far,01/07/06,Yes,14,2011,"Jan,Apr,Jul,Oct"
149,5,Fri,14/02/14,4503,466,Yes,No,No,No,D,Basic,Yes,2610,Far,01/07/06,Yes,14,2011,"Jan,Apr,Jul,Oct"
149,5,Fri,21/02/14,6031,520,Yes,Yes,No,No,D,Basic,Yes,2610,Far,01/07/06,Yes,14,2011,"Jan,Apr,Jul,Oct"
149,3,Wed,05/06/15,6014,473,Yes,Yes,No,No,D,Basic,Yes,2610,Far,01/07/06,Yes,14,2011,"Jan,Apr,Jul,Oct"
149,3,Wed,13/05/29,6893,563,Yes,Yes,No,Yes,D,Basic,Yes,2610,Medium,01/07/06,Yes,14,2011,"Jan,Apr,Jul,Oct"
153,4,Thu,13/06/13,5618,580,Yes,No,No,No,A,Basic,Yes,16240,Far,01/10/00,Yes,18,2011,"Feb,May,Aug,Nov"
153,6,Sat,05/04/14,3926,409,Yes,No,No,No,A,Basic,Yes,16240,Far,01/10/00,Yes,18,2011,"Feb,May,Aug,Nov"
153,1,Mon,09/08/14,5827,588,Yes,No,No,No,A,Basic,Yes,16240,Far,01/10/00,Yes,18,2011,"Feb,May,Aug,Nov"
153,6,Sat,03/01/15,3860,393,Yes,No,No,No,A,Basic,Yes,16240,Far,01/10/00,Yes,18,2011,"Feb,May,Aug,Nov"
153,1,Mon,13/04/29,11093,861,Yes,Yes,No,No,A,Basic,Yes,16240,Medium,01/10/00,Yes,18,2011,"Feb,May,Aug,Nov"
156,2,Tue,08/10/13,9258,899,Yes,Yes,No,No,A,Basic,Yes,2020,Far,01/02/11,Yes,14,2011,"Mar,Jun,Sept,Dec"
156,3,Wed,26/02/14,5164,627,Yes,No,No,No,A,Basic,Yes,2020,Medium,01/02/11,Yes,14,2011,"Mar,Jun,Sept,Dec"
156,1,Mon,13/07/15,10798,890,Yes,Yes,No,Yes,A,Basic,Yes,2020,Far,01/02/11,Yes,14,2011,"Mar,Jun,Sept,Dec"
162,1,Mon,25/08/14,5314,441,Yes,No,No,Yes,D,Extended,Yes,5340,Far,01/03/12,Yes,13,2010,"Jan,Apr,Jul,Oct"
162,6,Sat,15/11/14,7324,564,Yes,No,No,No,D,Extended,Yes,5340,Far,01/03/12,Yes,13,2010,"Jan,Apr,Jul,Oct"
164,3,Wed,20/11/13,6014,616,Yes,Yes,No,No,A,Basic,Yes,1160,Far,01/09/05,Yes,13,2010,"Jan,Apr,Jul,Oct"
164,5,Fri,20/12/13,9387,866,Yes,Yes,No,No,A,Basic,Yes,1160,Far,01/09/05,Yes,13,2010,"Jan,Apr,Jul,Oct"
164,4,Thu,19/03/15,6593,683,Yes,Yes,No,No,A,Basic,Yes,1160,Far,01/09/05,Yes,13,2010,"Jan,Apr,Jul,Oct"
164,6,Sat,04/07/15,4297,471,Yes,No,No,No,A,Basic,Yes,1160,Far,01/09/05,Yes,13,2010,"Jan,Apr,Jul,Oct"
165,1,Mon,22/07/13,3768,454,Yes,No,No,No,A,Basic,Yes,3720,Far,01/04/05,Yes,13,2010,"Jan,Apr,Jul,Oct"
166,6,Sat,15/11/14,5879,865,Yes,No,No,No,A,Extended,Yes,100,Far,01/04/14,Yes,31,2013,"Jan,Apr,Jul,Oct"
166,3,Wed,08/04/15,5483,838,Yes,No,No,Yes,A,Extended,Yes,100,Medium,01/04/14,Yes,31,2013,"Jan,Apr,Jul,Oct"
166,2,Tue,21/07/15,5117,807,Yes,No,No,Yes,A,Extended,Yes,100,Medium,01/04/14,Yes,31,2013,"Jan,Apr,Jul,Oct"
169,4,Thu,17/04/14,9681,984,Yes,Yes,No,Yes,D,Basic,Yes,980,Far,01/07/14,Yes,18,2014,"Feb,May,Aug,Nov"
170,6,Sat,05/03/14,5533,582,Yes,No,No,No,A,Basic,Yes,1070,Far,01/05/15,Yes,14,2011,"Jan,Apr,Jul,Oct"
170,4,Thu,22/05/14,4775,512,Yes,Yes,No,No,A,Basic,Yes,1070,Far,01/05/15,Yes,14,2011,"Jan,Apr,Jul,Oct"
170,1,Mon,17/11/14,3901,516,Yes,No,No,No,A,Basic,Yes,1070,Far,01/05/15,Yes,14,2011,"Jan,Apr,Jul,Oct"
170,1,Mon,06/01/15,6569,635,Yes,Yes,No,No,A,Basic,Yes,1070,Far,01/05/15,Yes,14,2011,"Jan,Apr,Jul,Oct"
170,2,Tue,15/06/23,3352,418,Yes,No,No,No,A,Basic,Yes,1070,Medium,01/05/15,Yes,14,2011,"Jan,Apr,Jul,Oct"
177,3,Wed,09/03/14,5226,556,Yes,Yes,No,Yes,A,Basic,Yes,1250,Medium,01/02/04,Yes,5,2013,"Feb,May,Aug,Nov"
181,6,Sat,15/03/07,3598,405,Yes,No,No,No,A,Basic,Yes,12610,Far,01/03/13,Yes,14,2011,"Jan,Apr,Jul,Oct"
186,5,Fri,15/03/13,2939,332,Yes,No,No,No,A,Basic,Yes,290,Medium,01/10/11,Yes,40,2014,"Jan,Apr,Jul,Oct"
186,6,Sat,14/06/14,3353,346,Yes,No,No,No,A,Basic,Yes,290,Far,01/10/11,Yes,40,2014,"Jan,Apr,Jul,Oct"
190,1,Mon,13/05/13,9118,769,Yes,Yes,No,No,A,Basic,Yes,1470,Medium,01/12/06,Yes,40,2014,"Jan,Apr,Jul,Oct"
190,1,Mon,29/07/13,10210,776,Yes,Yes,No,No,A,Basic,Yes,1470,Medium,01/12/06,Yes,40,2014,"Jan,Apr,Jul,Oct"
190,3,Wed,16/04/14,8490,782,Yes,Yes,No,Yes,A,Basic,Yes,1470,Medium,01/12/06,Yes,40,2014,"Jan,Apr,Jul,Oct"
190,6,Sat,13/07/20,5599,520,Yes,No,No,No,A,Basic,Yes,1470,Far,01/12/06,Yes,40,2014,"Jan,Apr,Jul,Oct"
191,2,Tue,09/07/13,6367,721,Yes,No,No,No,A,Basic,Yes,1100,Far,01/08/13,Yes,40,2014,"Jan,Apr,Jul,Oct"
191,5,Fri,02/08/13,7496,727,Yes,Yes,No,No,A,Basic,Yes,1100,Far,01/08/13,Yes,40,2014,"Jan,Apr,Jul,Oct"
191,4,Thu,31/10/13,6421,721,Yes,No,No,Yes,A,Basic,Yes,1100,Far,01/08/13,Yes,40,2014,"Jan,Apr,Jul,Oct"
192,5,Fri,10/05/13,8111,576,Yes,No,No,No,D,Extended,Yes,2770,Far,01/03/08,Yes,40,2014,"Jan,Apr,Jul,Oct"
192,6,Sat,14/02/15,13995,1034,Yes,No,No,No,D,Extended,Yes,2770,Far,01/03/08,Yes,40,2014,"Jan,Apr,Jul,Oct"
192,6,Sat,30/05/15,16106,1068,Yes,No,No,No,D,Extended,Yes,2770,Far,01/03/08,Yes,40,2014,"Jan,Apr,Jul,Oct"
192,3,Wed,17/06/15,14273,906,Yes,Yes,No,No,D,Extended,Yes,2770,Far,01/03/08,Yes,40,2014,"Jan,Apr,Jul,Oct"
196,6,Sat,03/09/13,2921,449,Yes,No,No,No,C,Basic,Yes,3850,Far,01/11/05,Yes,14,2011,"Jan,Apr,Jul,Oct"
196,1,Mon,24/11/14,7305,823,Yes,Yes,No,No,C,Basic,Yes,3850,Far,01/11/05,Yes,14,2011,"Jan,Apr,Jul,Oct"
196,3,Wed,11/03/15,4383,635,Yes,No,No,No,C,Basic,Yes,3850,Far,01/11/05,Yes,14,2011,"Jan,Apr,Jul,Oct"
196,6,Sat,18/04/15,3294,498,Yes,No,No,No,C,Basic,Yes,3850,Medium,01/11/05,Yes,14,2011,"Jan,Apr,Jul,Oct"
196,3,Wed,22/04/15,4178,612,Yes,No,No,No,C,Basic,Yes,3850,Far,01/11/05,Yes,14,2011,"Jan,Apr,Jul,Oct"
196,3,Wed,05/06/15,6754,798,Yes,Yes,No,No,C,Basic,Yes,3850,Medium,01/11/05,Yes,14,2011,"Jan,Apr,Jul,Oct"
196,3,Wed,24/06/15,4443,620,Yes,No,No,No,C,Basic,Yes,3850,Medium,01/11/05,Yes,14,2011,"Jan,Apr,Jul,Oct"
196,3,Wed,14/09/17,6067,720,Yes,Yes,No,No,C,Basic,Yes,3850,Medium,01/11/05,Yes,14,2011,"Jan,Apr,Jul,Oct"
196,5,Fri,14/11/21,4839,662,Yes,No,No,No,C,Basic,Yes,3850,Far,01/11/05,Yes,14,2011,"Jan,Apr,Jul,Oct"
198,1,Mon,15/02/02,5737,574,Yes,Yes,No,Yes,A,Basic,Yes,290,Medium,01/09/02,Yes,13,2010,"Jan,Apr,Jul,Oct"
198,4,Thu,14/04/03,3172,373,Yes,Yes,No,No,A,Basic,Yes,290,Far,01/09/02,Yes,13,2010,"Jan,Apr,Jul,Oct"
198,6,Sat,14/07/12,923,121,Yes,No,No,No,A,Basic,Yes,290,Medium,01/09/02,Yes,13,2010,"Jan,Apr,Jul,Oct"
198,3,Wed,08/07/13,1975,261,Yes,No,No,Yes,A,Basic,Yes,290,Far,01/09/02,Yes,13,2010,"Jan,Apr,Jul,Oct"
198,6,Sat,14/09/13,1047,138,Yes,No,No,No,A,Basic,Yes,290,Medium,01/09/02,Yes,13,2010,"Jan,Apr,Jul,Oct"
199,4,Thu,22/08/13,5807,524,Yes,No,No,No,D,Extended,Yes,6360,Near,01/12/10,Yes,14,2012,"Mar,Jun,Sept,Dec"
199,3,Wed,03/09/14,9194,695,Yes,Yes,No,Yes,D,Extended,Yes,6360,Medium,01/12/10,Yes,14,2012,"Mar,Jun,Sept,Dec"
199,1,Mon,23/02/15,4443,396,Yes,No,No,No,D,Extended,Yes,6360,Medium,01/12/10,Yes,14,2012,"Mar,Jun,Sept,Dec"
199,4,Thu,13/01/31,6260,495,Yes,No,No,No,D,Extended,Yes,6360,Far,01/12/10,Yes,14,2012,"Mar,Jun,Sept,Dec"
204,4,Thu,03/07/13,5491,553,Yes,Yes,No,No,A,Basic,Yes,5630,Far,01/12/02,Yes,40,2014,"Jan,Apr,Jul,Oct"
209,5,Fri,13/04/05,5058,571,Yes,No,No,Yes,A,Extended,Yes,11680,Medium,01/09/11,Yes,31,2013,"Jan,Apr,Jul,Oct"
209,7,Sun,25/08/13,1960,224,Yes,No,No,No,A,Extended,Yes,11680,Far,01/09/11,Yes,31,2013,"Jan,Apr,Jul,Oct"
209,3,Wed,04/09/14,5250,557,Yes,No,No,No,A,Extended,Yes,11680,Far,01/09/11,Yes,31,2013,"Jan,Apr,Jul,Oct"
210,5,Fri,22/02/13,3491,362,Yes,Yes,No,No,D,Basic,Yes,970,Far,01/11/99,Yes,5,2013,"Feb,May,Aug,Nov"
210,2,Tue,29/10/13,2411,301,Yes,No,No,No,D,Basic,Yes,970,Medium,01/11/99,Yes,5,2013,"Feb,May,Aug,Nov"
210,5,Fri,22/11/13,3242,348,Yes,Yes,No,No,D,Basic,Yes,970,Far,01/11/99,Yes,5,2013,"Feb,May,Aug,Nov"
210,1,Mon,29/12/14,3019,281,Yes,No,No,Yes,D,Basic,Yes,970,Medium,01/11/99,Yes,5,2013,"Feb,May,Aug,Nov"
214,6,Sat,02/09/13,9181,827,Yes,No,No,No,D,Basic,Yes,8650,Medium,01/07/13,Yes,10,2014,"Jan,Apr,Jul,Oct"
214,5,Fri,13/09/13,9289,740,Yes,Yes,No,No,D,Basic,Yes,8650,Medium,01/07/13,Yes,10,2014,"Jan,Apr,Jul,Oct"
214,3,Wed,09/04/14,7136,582,Yes,No,No,No,D,Basic,Yes,8650,Medium,01/07/13,Yes,10,2014,"Jan,Apr,Jul,Oct"
214,4,Thu,09/10/14,9263,668,Yes,Yes,No,Yes,D,Basic,Yes,8650,Far,01/07/13,Yes,10,2014,"Jan,Apr,Jul,Oct"
223,3,Wed,12/11/13,7248,753,Yes,No,No,No,D,Extended,Yes,2920,Far,01/10/95,Yes,27,2011,"Jan,Apr,Jul,Oct"
223,3,Wed,31/12/14,3548,412,Yes,No,No,Yes,D,Extended,Yes,2920,Far,01/10/95,Yes,27,2011,"Jan,Apr,Jul,Oct"
229,4,Thu,13/05/02,10491,895,Yes,Yes,No,No,D,Extended,Yes,17410,Far,01/04/07,Yes,14,2011,"Jan,Apr,Jul,Oct"
229,1,Mon,26/08/13,10496,862,Yes,Yes,No,No,D,Extended,Yes,17410,Far,01/04/07,Yes,14,2011,"Jan,Apr,Jul,Oct"
229,5,Fri,13/09/13,9989,885,Yes,Yes,No,No,D,Extended,Yes,17410,Medium,01/04/07,Yes,14,2011,"Jan,Apr,Jul,Oct"
229,4,Thu,21/08/14,9230,741,Yes,Yes,No,Yes,D,Extended,Yes,17410,Far,01/04/07,Yes,14,2011,"Jan,Apr,Jul,Oct"
229,4,Thu,15/01/15,8239,698,Yes,Yes,No,No,D,Extended,Yes,17410,Far,01/04/07,Yes,14,2011,"Jan,Apr,Jul,Oct"
229,1,Mon,30/03/15,14907,991,Yes,Yes,No,Yes,D,Extended,Yes,17410,Far,01/04/07,Yes,14,2011,"Jan,Apr,Jul,Oct"
229,3,Wed,14/03/26,6402,591,Yes,No,No,No,D,Extended,Yes,17410,Far,01/04/07,Yes,14,2011,"Jan,Apr,Jul,Oct"
232,5,Fri,28/03/14,2995,276,Yes,No,No,No,C,Extended,Yes,13570,Far,01/05/10,Yes,10,2013,"Mar,Jun,Sept,Dec"
232,3,Wed,17/12/14,4884,351,Yes,Yes,No,No,C,Extended,Yes,13570,Far,01/05/10,Yes,10,2013,"Mar,Jun,Sept,Dec"
232,4,Thu,05/02/15,3825,336,Yes,Yes,No,Yes,C,Extended,Yes,13570,Far,01/05/10,Yes,10,2013,"Mar,Jun,Sept,Dec"
235,4,Thu,06/06/13,7039,555,Yes,Yes,No,No,A,Basic,Yes,5710,Medium,01/03/12,Yes,37,2009,"Jan,Apr,Jul,Oct"
235,6,Sat,04/10/14,5048,434,Yes,No,No,No,A,Basic,Yes,5710,Medium,01/03/12,Yes,37,2009,"Jan,Apr,Jul,Oct"
235,1,Mon,17/11/14,5440,506,Yes,No,No,No,A,Basic,Yes,5710,Medium,01/03/12,Yes,37,2009,"Jan,Apr,Jul,Oct"
247,6,Sat,16/03/13,8526,705,Yes,No,No,No,D,Extended,Yes,70,Far,01/11/10,Yes,5,2013,"Feb,May,Aug,Nov"
247,6,Sat,05/10/13,7282,629,Yes,No,No,No,D,Extended,Yes,70,Far,01/11/10,Yes,5,2013,"Feb,May,Aug,Nov"
247,4,Thu,24/07/14,6804,582,Yes,No,No,No,D,Extended,Yes,70,Far,01/11/10,Yes,5,2013,"Feb,May,Aug,Nov"
247,6,Sat,13/03/30,11956,970,Yes,No,No,No,D,Extended,Yes,70,Far,01/11/10,Yes,5,2013,"Feb,May,Aug,Nov"
248,6,Sat,19/01/13,6953,1031,Yes,No,No,No,A,Extended,Yes,340,Far,01/09/12,Yes,40,2012,"Jan,Apr,Jul,Oct"
248,2,Tue,02/04/13,8461,1306,Yes,No,No,Yes,A,Extended,Yes,340,Far,01/09/12,Yes,40,2012,"Jan,Apr,Jul,Oct"
248,1,Mon,23/09/13,9102,1147,Yes,Yes,No,No,A,Extended,Yes,340,Far,01/09/12,Yes,40,2012,"Jan,Apr,Jul,Oct"
248,3,Wed,23/10/13,8209,1100,Yes,Yes,No,No,A,Extended,Yes,340,Far,01/09/12,Yes,40,2012,"Jan,Apr,Jul,Oct"
248,2,Tue,04/01/14,9252,1187,Yes,Yes,No,No,A,Extended,Yes,340,Far,01/09/12,Yes,40,2012,"Jan,Apr,Jul,Oct"
255,6,Sat,18/07/15,6379,592,Yes,No,No,No,C,Extended,Yes,4630,Far,01/03/11,Yes,35,2011,"Feb,May,Aug,Nov"
255,6,Sat,14/01/18,6318,721,Yes,No,No,No,C,Extended,Yes,4630,Far,01/03/11,Yes,35,2011,"Feb,May,Aug,Nov"
256,2,Tue,14/02/04,14729,1676,Yes,Yes,No,No,A,Extended,Yes,80,Far,01/09/05,Yes,10,2014,"Mar,Jun,Sept,Dec"
256,6,Sat,27/04/13,10228,1289,Yes,No,No,No,A,Extended,Yes,80,Far,01/09/05,Yes,10,2014,"Mar,Jun,Sept,Dec"
256,3,Wed,26/06/13,8606,1150,Yes,No,No,No,A,Extended,Yes,80,Far,01/09/05,Yes,10,2014,"Mar,Jun,Sept,Dec"
256,6,Sat,29/06/13,10820,1440,Yes,No,No,No,A,Extended,Yes,80,Far,01/09/05,Yes,10,2014,"Mar,Jun,Sept,Dec"
258,5,Fri,17/05/13,6453,591,Yes,Yes,No,No,A,Basic,Yes,27190,Far,01/07/10,Yes,37,2009,"Jan,Apr,Jul,Oct"
258,5,Fri,12/06/15,5253,485,Yes,No,No,No,A,Basic,Yes,27190,Far,01/07/10,Yes,37,2009,"Jan,Apr,Jul,Oct"
261,6,Sat,13/06/01,7265,654,Yes,No,No,No,D,Extended,Yes,15340,Far,01/04/15,Yes,39,2009,"Jan,Apr,Jul,Oct"
261,3,Wed,05/06/13,12760,957,Yes,Yes,No,No,D,Extended,Yes,15340,Far,01/04/15,Yes,39,2009,"Jan,Apr,Jul,Oct"
261,4,Thu,20/03/14,13541,1038,Yes,Yes,No,No,D,Extended,Yes,15340,Far,01/04/15,Yes,39,2009,"Jan,Apr,Jul,Oct"
261,2,Tue,10/06/14,10754,939,Yes,No,No,No,D,Extended,Yes,15340,Far,01/04/15,Yes,39,2009,"Jan,Apr,Jul,Oct"
263,4,Thu,02/07/13,2798,296,Yes,Yes,No,No,A,Extended,Yes,1140,Far,01/05/13,Yes,40,2014,"Jan,Apr,Jul,Oct"
263,1,Mon,19/08/13,2691,265,Yes,No,No,Yes,A,Extended,Yes,1140,Far,01/05/13,Yes,40,2014,"Jan,Apr,Jul,Oct"
263,6,Sat,14/09/13,4616,428,Yes,No,No,No,A,Extended,Yes,1140,Far,01/05/13,Yes,40,2014,"Jan,Apr,Jul,Oct"
263,6,Sat,26/04/14,4033,416,Yes,No,No,No,A,Extended,Yes,1140,Medium,01/05/13,Yes,40,2014,"Jan,Apr,Jul,Oct"
263,5,Fri,01/10/14,3857,383,Yes,Yes,No,No,A,Extended,Yes,1140,Medium,01/05/13,Yes,40,2014,"Jan,Apr,Jul,Oct"
266,1,Mon,14/03/17,6220,769,Yes,Yes,No,No,A,Extended,Yes,360,Medium,01/03/14,Yes,9,2011,"Mar,Jun,Sept,Dec"
272,1,Mon,25/08/14,4546,563,Yes,No,No,Yes,A,Basic,Yes,16180,Medium,01/07/03,Yes,14,2011,"Jan,Apr,Jul,Oct"
272,2,Tue,14/09/23,4676,591,Yes,No,No,No,A,Basic,Yes,16180,Medium,01/07/03,Yes,14,2011,"Jan,Apr,Jul,Oct"
272,3,Wed,15/07/29,7127,621,Yes,Yes,No,Yes,A,Basic,Yes,16180,Far,01/07/03,Yes,14,2011,"Jan,Apr,Jul,Oct"
275,1,Mon,25/03/13,10093,919,Yes,Yes,No,Yes,D,Basic,Yes,300,Medium,01/05/14,Yes,40,2014,"Jan,Apr,Jul,Oct"
275,2,Tue,14/01/14,5275,572,Yes,No,No,No,D,Basic,Yes,300,Medium,01/05/14,Yes,40,2014,"Jan,Apr,Jul,Oct"
276,4,Thu,25/07/13,3622,514,Yes,No,No,Yes,A,Basic,Yes,2960,Far,01/10/14,Yes,36,2013,"Mar,Jun,Sept,Dec"
276,5,Fri,05/02/14,6154,705,Yes,Yes,No,No,A,Basic,Yes,2960,Far,01/10/14,Yes,36,2013,"Mar,Jun,Sept,Dec"
276,5,Fri,11/04/14,4319,576,Yes,No,No,No,A,Basic,Yes,2960,Far,01/10/14,Yes,36,2013,"Mar,Jun,Sept,Dec"
276,2,Tue,02/11/14,3898,535,Yes,No,No,No,A,Basic,Yes,2960,Medium,01/10/14,Yes,36,2013,"Mar,Jun,Sept,Dec"
280,1,Mon,10/07/13,7539,565,Yes,Yes,No,No,D,Extended,Yes,18640,Far,01/09/13,Yes,10,2014,"Mar,Jun,Sept,Dec"
280,5,Fri,26/07/13,6263,487,Yes,No,No,Yes,D,Extended,Yes,18640,Medium,01/09/13,Yes,10,2014,"Mar,Jun,Sept,Dec"
287,1,Mon,13/05/06,8047,834,Yes,No,No,No,C,Basic,Yes,2740,Medium,01/05/09,Yes,40,2014,"Jan,Apr,Jul,Oct"
287,6,Sat,15/03/07,9480,871,Yes,No,No,No,C,Basic,Yes,2740,Far,01/05/09,Yes,40,2014,"Jan,Apr,Jul,Oct"
287,4,Thu,28/03/13,10640,1031,Yes,Yes,No,Yes,C,Basic,Yes,2740,Far,01/05/09,Yes,40,2014,"Jan,Apr,Jul,Oct"
287,4,Thu,28/11/13,7519,759,Yes,No,No,No,C,Basic,Yes,2740,Far,01/05/09,Yes,40,2014,"Jan,Apr,Jul,Oct"
287,1,Mon,20/07/15,7889,820,Yes,No,No,No,C,Basic,Yes,2740,Far,01/05/09,Yes,40,2014,"Jan,Apr,Jul,Oct"
295,5,Fri,10/01/14,5300,648,Yes,Yes,No,No,A,Basic,Yes,210,Far,01/11/00,Yes,36,2013,"Mar,Jun,Sept,Dec"
295,5,Fri,25/07/14,4629,632,Yes,No,No,No,A,Basic,Yes,210,Far,01/11/00,Yes,36,2013,"Mar,Jun,Sept,Dec"
295,5,Fri,15/08/14,4219,592,Yes,No,No,Yes,A,Basic,Yes,210,Far,01/11/00,Yes,36,2013,"Mar,Jun,Sept,Dec"
295,6,Sat,07/04/15,5445,764,Yes,No,No,No,A,Basic,Yes,210,Far,01/11/00,Yes,36,2013,"Mar,Jun,Sept,Dec"
295,4,Thu,05/07/15,5945,690,Yes,Yes,No,No,A,Basic,Yes,210,Medium,01/11/00,Yes,36,2013,"Mar,Jun,Sept,Dec"
296,4,Thu,29/01/15,7973,777,Yes,Yes,No,No,A,Basic,Yes,9580,Medium,01/05/07,Yes,45,2014,"Feb,May,Aug,Nov"
296,3,Wed,11/02/15,5636,727,Yes,No,No,No,A,Basic,Yes,9580,Far,01/05/07,Yes,45,2014,"Feb,May,Aug,Nov"
296,5,Fri,13/02/15,5281,644,Yes,No,No,No,A,Basic,Yes,9580,Far,01/05/07,Yes,45,2014,"Feb,May,Aug,Nov"
296,6,Sat,25/07/15,4785,457,Yes,No,No,No,A,Basic,Yes,9580,Far,01/05/07,Yes,45,2014,"Feb,May,Aug,Nov"
302,6,Sat,10/05/13,3447,316,Yes,No,No,No,D,Extended,Yes,2190,Far,01/12/07,Yes,9,2011,"Mar,Jun,Sept,Dec"
302,3,Wed,02/06/13,3213,265,Yes,Yes,No,No,D,Extended,Yes,2190,Far,01/12/07,Yes,9,2011,"Mar,Jun,Sept,Dec"
302,4,Thu,01/10/13,3392,291,Yes,Yes,No,Yes,D,Extended,Yes,2190,Medium,01/12/07,Yes,9,2011,"Mar,Jun,Sept,Dec"
302,4,Thu,14/08/14,3090,276,Yes,No,No,Yes,D,Extended,Yes,2190,Medium,01/12/07,Yes,9,2011,"Mar,Jun,Sept,Dec"
302,6,Sat,28/02/15,4899,437,Yes,No,No,No,D,Extended,Yes,2190,Medium,01/12/07,Yes,9,2011,"Mar,Jun,Sept,Dec"
302,4,Thu,06/11/15,2724,255,Yes,No,No,No,D,Extended,Yes,2190,Medium,01/12/07,Yes,9,2011,"Mar,Jun,Sept,Dec"
303,1,Mon,14/01/13,4272,533,Yes,No,No,No,A,Basic,Yes,15430,Medium,01/11/12,Yes,18,2011,"Feb,May,Aug,Nov"
303,4,Thu,13/06/13,4617,562,Yes,No,No,No,A,Basic,Yes,15430,Medium,01/11/12,Yes,18,2011,"Feb,May,Aug,Nov"
303,4,Thu,17/04/14,7701,879,Yes,Yes,No,Yes,A,Basic,Yes,15430,Medium,01/11/12,Yes,18,2011,"Feb,May,Aug,Nov"
303,3,Wed,11/12/14,6399,670,Yes,Yes,No,No,A,Basic,Yes,15430,Medium,01/11/12,Yes,18,2011,"Feb,May,Aug,Nov"
305,2,Tue,13/03/05,4191,421,Yes,Yes,No,No,C,Extended,Yes,2470,Medium,01/02/05,Yes,31,2013,"Mar,Jun,Sept,Dec"
308,5,Fri,13/09/06,6878,795,Yes,No,No,No,A,Basic,Yes,1070,Far,01/12/06,Yes,13,2010,"Jan,Apr,Jul,Oct"
308,3,Wed,21/08/13,7467,866,Yes,No,No,Yes,A,Basic,Yes,1070,Far,01/12/06,Yes,13,2010,"Jan,Apr,Jul,Oct"
308,5,Fri,04/11/14,7480,830,Yes,No,No,No,A,Basic,Yes,1070,Medium,01/12/06,Yes,13,2010,"Jan,Apr,Jul,Oct"
308,1,Mon,15/12/14,17230,1359,Yes,Yes,No,No,A,Basic,Yes,1070,Far,01/12/06,Yes,13,2010,"Jan,Apr,Jul,Oct"
308,5,Fri,07/10/15,8040,850,Yes,No,No,Yes,A,Basic,Yes,1070,Far,01/12/06,Yes,13,2010,"Jan,Apr,Jul,Oct"
314,2,Tue,22/01/13,6418,678,Yes,Yes,No,No,A,Basic,Yes,3560,Far,01/10/01,Yes,31,2013,"Feb,May,Aug,Nov"
314,2,Tue,30/09/14,7169,720,Yes,Yes,No,No,A,Basic,Yes,3560,Far,01/10/01,Yes,31,2013,"Feb,May,Aug,Nov"
314,2,Tue,26/05/15,5010,552,Yes,No,No,Yes,A,Basic,Yes,3560,Far,01/10/01,Yes,31,2013,"Feb,May,Aug,Nov"
314,5,Fri,26/06/15,4759,527,Yes,No,No,No,A,Basic,Yes,3560,Far,01/10/01,Yes,31,2013,"Feb,May,Aug,Nov"
317,2,Tue,06/04/13,5761,599,Yes,Yes,No,No,D,Basic,Yes,3140,Far,01/07/13,Yes,14,2011,"Jan,Apr,Jul,Oct"
317,6,Sat,24/01/15,5938,676,Yes,No,No,No,D,Basic,Yes,3140,Far,01/07/13,Yes,14,2011,"Jan,Apr,Jul,Oct"
317,4,Thu,29/01/15,4550,454,Yes,Yes,No,No,D,Basic,Yes,3140,Medium,01/07/13,Yes,14,2011,"Jan,Apr,Jul,Oct"
317,6,Sat,31/01/15,5941,697,Yes,No,No,No,D,Basic,Yes,3140,Far,01/07/13,Yes,14,2011,"Jan,Apr,Jul,Oct"
317,6,Sat,25/07/15,5685,644,Yes,No,No,No,D,Basic,Yes,3140,Far,01/07/13,Yes,14,2011,"Jan,Apr,Jul,Oct"
319,6,Sat,23/02/13,5595,634,Yes,No,No,No,A,Extended,Yes,570,Medium,01/09/12,Yes,27,2012,"Mar,Jun,Sept,Dec"
319,5,Fri,15/03/13,8375,978,Yes,No,No,No,A,Extended,Yes,570,Far,01/09/12,Yes,27,2012,"Mar,Jun,Sept,Dec"
319,6,Sat,21/09/13,4662,576,Yes,No,No,No,A,Extended,Yes,570,Far,01/09/12,Yes,27,2012,"Mar,Jun,Sept,Dec"
319,4,Thu,20/02/14,8143,870,Yes,Yes,No,No,A,Extended,Yes,570,Far,01/09/12,Yes,27,2012,"Mar,Jun,Sept,Dec"
321,1,Mon,13/11/11,4094,417,Yes,No,No,No,C,Extended,Yes,8140,Far,01/11/13,Yes,10,2014,"Mar,Jun,Sept,Dec"
321,6,Sat,02/02/13,6949,709,Yes,No,No,No,C,Extended,Yes,8140,Medium,01/11/13,Yes,10,2014,"Mar,Jun,Sept,Dec"
321,5,Fri,22/02/13,7138,707,Yes,Yes,No,No,C,Extended,Yes,8140,Far,01/11/13,Yes,10,2014,"Mar,Jun,Sept,Dec"
321,4,Thu,29/08/13,6615,657,Yes,Yes,No,No,C,Extended,Yes,8140,Medium,01/11/13,Yes,10,2014,"Mar,Jun,Sept,Dec"
321,4,Thu,10/04/14,4513,493,Yes,No,No,No,C,Extended,Yes,8140,Far,01/11/13,Yes,10,2014,"Mar,Jun,Sept,Dec"
321,4,Thu,17/07/14,6721,640,Yes,Yes,No,No,C,Extended,Yes,8140,Far,01/11/13,Yes,10,2014,"Mar,Jun,Sept,Dec"
321,3,Wed,05/06/15,5724,528,Yes,Yes,No,No,C,Extended,Yes,8140,Far,01/11/13,Yes,10,2014,"Mar,Jun,Sept,Dec"
321,4,Thu,15/07/30,7119,656,Yes,Yes,No,Yes,C,Extended,Yes,8140,Medium,01/11/13,Yes,10,2014,"Mar,Jun,Sept,Dec"
322,3,Wed,14/06/04,5792,635,Yes,Yes,No,No,A,Basic,Yes,17500,Far,01/04/01,Yes,37,2009,"Jan,Apr,Jul,Oct"
322,1,Mon,05/12/14,4095,570,Yes,No,No,No,A,Basic,Yes,17500,Far,01/04/01,Yes,37,2009,"Jan,Apr,Jul,Oct"
323,1,Mon,28/04/14,10650,779,Yes,Yes,No,No,D,Extended,Yes,8400,Far,01/04/12,Yes,5,2013,"Feb,May,Aug,Nov"
323,4,Thu,21/08/14,7464,626,Yes,Yes,No,Yes,D,Extended,Yes,8400,Far,01/04/12,Yes,5,2013,"Feb,May,Aug,Nov"
323,6,Sat,13/12/14,9361,725,Yes,No,No,No,D,Extended,Yes,8400,Medium,01/04/12,Yes,5,2013,"Feb,May,Aug,Nov"
323,2,Tue,16/12/14,11199,807,Yes,Yes,No,No,D,Extended,Yes,8400,Far,01/04/12,Yes,5,2013,"Feb,May,Aug,Nov"
323,4,Thu,14/05/15,6046,523,Yes,No,No,No,D,Extended,Yes,8400,Far,01/04/12,Yes,5,2013,"Feb,May,Aug,Nov"
325,5,Fri,14/07/04,6473,680,Yes,Yes,No,No,A,Extended,Yes,350,Far,01/03/11,Yes,22,2011,"Feb,May,Aug,Nov"
325,5,Fri,05/04/13,5636,618,Yes,No,No,Yes,A,Extended,Yes,350,Far,01/03/11,Yes,22,2011,"Feb,May,Aug,Nov"
325,4,Thu,20/06/13,7771,835,Yes,Yes,No,No,A,Extended,Yes,350,Far,01/03/11,Yes,22,2011,"Feb,May,Aug,Nov"
325,6,Sat,06/07/13,4863,620,Yes,No,No,No,A,Extended,Yes,350,Far,01/03/11,Yes,22,2011,"Feb,May,Aug,Nov"
325,2,Tue,12/11/13,4774,539,Yes,No,No,No,A,Extended,Yes,350,Far,01/03/11,Yes,22,2011,"Feb,May,Aug,Nov"
325,1,Mon,11/08/14,5610,634,Yes,No,No,Yes,A,Extended,Yes,350,Far,01/03/11,Yes,22,2011,"Feb,May,Aug,Nov"
326,1,Mon,15/06/01,7669,566,Yes,Yes,No,No,D,Basic,Yes,10070,Medium,01/05/15,Yes,31,2013,"Feb,May,Aug,Nov"
326,3,Wed,14/10/01,5665,442,Yes,Yes,No,No,D,Basic,Yes,10070,Medium,01/05/15,Yes,31,2013,"Feb,May,Aug,Nov"
326,2,Tue,15/02/10,3321,324,Yes,No,No,No,D,Basic,Yes,10070,Far,01/05/15,Yes,31,2013,"Feb,May,Aug,Nov"
326,1,Mon,25/02/13,2755,258,Yes,No,No,No,D,Basic,Yes,10070,Far,01/05/15,Yes,31,2013,"Feb,May,Aug,Nov"
326,5,Fri,05/10/13,5435,488,Yes,No,No,No,D,Basic,Yes,10070,Far,01/05/15,Yes,31,2013,"Feb,May,Aug,Nov"
326,3,Wed,19/03/14,4362,347,Yes,Yes,No,No,D,Basic,Yes,10070,Medium,01/05/15,Yes,31,2013,"Feb,May,Aug,Nov"
329,5,Fri,13/03/08,8391,747,Yes,Yes,No,No,A,Basic,Yes,1310,Medium,01/06/90,Yes,22,2012,"Mar,Jun,Sept,Dec"
329,4,Thu,08/01/13,7139,631,Yes,Yes,No,Yes,A,Basic,Yes,1310,Far,01/06/90,Yes,22,2012,"Mar,Jun,Sept,Dec"
329,3,Wed,26/02/14,6059,606,Yes,No,No,No,A,Basic,Yes,1310,Medium,01/06/90,Yes,22,2012,"Mar,Jun,Sept,Dec"
329,5,Fri,27/06/14,6071,611,Yes,No,No,No,A,Basic,Yes,1310,Far,01/06/90,Yes,22,2012,"Mar,Jun,Sept,Dec"
329,2,Tue,19/08/14,8477,700,Yes,Yes,No,Yes,A,Basic,Yes,1310,Far,01/06/90,Yes,22,2012,"Mar,Jun,Sept,Dec"
334,3,Wed,17/04/13,4156,495,Yes,No,No,No,D,Extended,Yes,4040,Far,01/08/08,Yes,18,2013,"Mar,Jun,Sept,Dec"
334,5,Fri,17/10/14,3889,462,Yes,No,No,Yes,D,Extended,Yes,4040,Far,01/08/08,Yes,18,2013,"Mar,Jun,Sept,Dec"
337,5,Fri,13/08/09,4368,373,Yes,No,No,Yes,D,Extended,Yes,10600,Far,01/07/05,Yes,45,2014,"Feb,May,Aug,Nov"
337,2,Tue,12/02/13,3537,298,Yes,No,No,No,D,Extended,Yes,10600,Medium,01/07/05,Yes,45,2014,"Feb,May,Aug,Nov"
337,2,Tue,19/11/13,5191,383,Yes,Yes,No,No,D,Extended,Yes,10600,Medium,01/07/05,Yes,45,2014,"Feb,May,Aug,Nov"
337,4,Thu,06/03/14,4719,358,Yes,Yes,No,No,D,Extended,Yes,10600,Medium,01/07/05,Yes,45,2014,"Feb,May,Aug,Nov"
337,3,Wed,25/06/14,3398,280,Yes,No,No,No,D,Extended,Yes,10600,Medium,01/07/05,Yes,45,2014,"Feb,May,Aug,Nov"
337,6,Sat,26/07/14,5524,432,Yes,No,No,No,D,Extended,Yes,10600,Far,01/07/05,Yes,45,2014,"Feb,May,Aug,Nov"
337,6,Sat,02/07/15,6694,481,Yes,No,No,No,D,Extended,Yes,10600,Medium,01/07/05,Yes,45,2014,"Feb,May,Aug,Nov"
343,6,Sat,14/09/06,5221,561,Yes,No,No,No,D,Basic,Yes,18650,Medium,01/04/04,Yes,14,2014,"Jan,Apr,Jul,Oct"
343,2,Tue,03/12/13,4062,461,Yes,No,No,No,D,Basic,Yes,18650,Far,01/04/04,Yes,14,2014,"Jan,Apr,Jul,Oct"
343,3,Wed,18/06/14,9075,866,Yes,Yes,No,No,D,Basic,Yes,18650,Far,01/04/04,Yes,14,2014,"Jan,Apr,Jul,Oct"
344,6,Sat,30/08/14,7293,1074,Yes,No,No,No,A,Extended,Yes,300,Far,01/04/11,Yes,14,2011,"Jan,Apr,Jul,Oct"
344,3,Wed,25/02/15,6009,931,Yes,No,No,No,A,Extended,Yes,300,Medium,01/04/11,Yes,14,2011,"Jan,Apr,Jul,Oct"
347,4,Thu,13/07/11,4323,345,Yes,No,No,No,D,Extended,Yes,9360,Far,01/07/13,Yes,22,2012,"Mar,Jun,Sept,Dec"
347,4,Thu,23/05/13,3452,289,Yes,No,No,Yes,D,Extended,Yes,9360,Far,01/07/13,Yes,22,2012,"Mar,Jun,Sept,Dec"
347,1,Mon,03/06/13,6118,436,Yes,Yes,No,No,D,Extended,Yes,9360,Far,01/07/13,Yes,22,2012,"Mar,Jun,Sept,Dec"
351,3,Wed,10/09/13,6256,536,Yes,Yes,No,No,A,Basic,Yes,5290,Medium,01/11/12,Yes,5,2013,"Feb,May,Aug,Nov"
356,1,Mon,22/04/13,5628,436,Yes,Yes,No,No,D,Extended,Yes,8970,Medium,01/12/07,Yes,22,2012,"Feb,May,Aug,Nov"
356,2,Tue,04/02/14,5186,362,Yes,Yes,No,No,D,Extended,Yes,8970,Far,01/12/07,Yes,22,2012,"Feb,May,Aug,Nov"
356,4,Thu,26/02/15,4308,367,Yes,No,No,No,D,Extended,Yes,8970,Far,01/12/07,Yes,22,2012,"Feb,May,Aug,Nov"
356,6,Sat,23/05/15,7136,535,Yes,No,No,No,D,Extended,Yes,8970,Far,01/12/07,Yes,22,2012,"Feb,May,Aug,Nov"
356,1,Mon,13/09/23,5480,419,Yes,Yes,No,No,D,Extended,Yes,8970,Far,01/12/07,Yes,22,2012,"Feb,May,Aug,Nov"
361,5,Fri,15/01/02,6253,697,Yes,No,No,Yes,C,Extended,Yes,4490,Medium,01/05/14,Yes,5,2013,"Feb,May,Aug,Nov"
361,4,Thu,02/07/13,6361,689,Yes,Yes,No,Yes,C,Extended,Yes,4490,Far,01/05/14,Yes,5,2013,"Feb,May,Aug,Nov"
361,1,Mon,22/09/14,4172,486,Yes,No,No,No,C,Extended,Yes,4490,Far,01/05/14,Yes,5,2013,"Feb,May,Aug,Nov"
361,6,Sat,25/10/14,5674,668,Yes,No,No,No,C,Extended,Yes,4490,Far,01/05/14,Yes,5,2013,"Feb,May,Aug,Nov"
361,2,Tue,09/12/14,5179,512,Yes,No,No,No,C,Extended,Yes,4490,Far,01/05/14,Yes,5,2013,"Feb,May,Aug,Nov"
368,5,Fri,15/05/15,10508,773,Yes,No,No,No,D,Extended,Yes,1450,Medium,01/04/05,Yes,45,2009,"Feb,May,Aug,Nov"
370,4,Thu,14/09/04,8454,678,Yes,Yes,No,No,D,Basic,Yes,8250,Far,01/10/00,Yes,31,2009,"Jan,Apr,Jul,Oct"
370,4,Thu,31/01/13,6151,551,Yes,No,No,No,D,Basic,Yes,8250,Far,01/10/00,Yes,31,2009,"Jan,Apr,Jul,Oct"
370,1,Mon,02/12/13,11244,796,Yes,Yes,No,No,D,Basic,Yes,8250,Far,01/10/00,Yes,31,2009,"Jan,Apr,Jul,Oct"
371,1,Mon,13/06/10,6349,513,Yes,No,No,No,D,Extended,Yes,1970,Far,01/07/09,Yes,45,2014,"Feb,May,Aug,Nov"
371,3,Wed,12/11/14,7613,585,Yes,Yes,No,No,D,Extended,Yes,1970,Far,01/07/09,Yes,45,2014,"Feb,May,Aug,Nov"
371,4,Thu,07/09/15,5957,473,Yes,No,No,No,D,Extended,Yes,1970,Far,01/07/09,Yes,45,2014,"Feb,May,Aug,Nov"
372,3,Wed,12/06/13,5961,610,Yes,No,No,No,D,Extended,Yes,4880,Far,01/08/10,Yes,18,2014,"Jan,Apr,Jul,Oct"
372,4,Thu,17/10/13,5935,615,Yes,No,No,No,D,Extended,Yes,4880,Far,01/08/10,Yes,18,2014,"Jan,Apr,Jul,Oct"
372,3,Wed,12/10/14,7676,641,Yes,No,No,No,D,Extended,Yes,4880,Far,01/08/10,Yes,18,2014,"Jan,Apr,Jul,Oct"
372,1,Mon,20/10/14,10745,892,Yes,Yes,No,No,D,Extended,Yes,4880,Far,01/08/10,Yes,18,2014,"Jan,Apr,Jul,Oct"
372,2,Tue,11/11/14,9019,729,Yes,Yes,No,No,D,Extended,Yes,4880,Far,01/08/10,Yes,18,2014,"Jan,Apr,Jul,Oct"
375,2,Tue,11/06/13,7630,765,Yes,No,No,No,A,Extended,Yes,15710,Far,01/02/13,Yes,37,2009,"Jan,Apr,Jul,Oct"
375,6,Sat,27/07/13,3386,308,Yes,No,No,No,A,Extended,Yes,15710,Far,01/02/13,Yes,37,2009,"Jan,Apr,Jul,Oct"
375,1,Mon,13/01/14,7106,673,Yes,No,No,No,A,Extended,Yes,15710,Far,01/02/13,Yes,37,2009,"Jan,Apr,Jul,Oct"
375,2,Tue,06/03/14,12149,996,Yes,Yes,No,Yes,A,Extended,Yes,15710,Far,01/02/13,Yes,37,2009,"Jan,Apr,Jul,Oct"
375,3,Wed,20/08/14,10311,895,Yes,Yes,No,Yes,A,Extended,Yes,15710,Medium,01/02/13,Yes,37,2009,"Jan,Apr,Jul,Oct"
375,1,Mon,25/08/14,6966,676,Yes,No,No,Yes,A,Extended,Yes,15710,Far,01/02/13,Yes,37,2009,"Jan,Apr,Jul,Oct"
377,4,Thu,14/11/06,9706,1134,Yes,Yes,No,No,A,Extended,Yes,100,Far,01/06/10,Yes,18,2010,"Feb,May,Aug,Nov"
377,6,Sat,03/05/14,6113,777,Yes,No,No,No,A,Extended,Yes,100,Far,01/06/10,Yes,18,2010,"Feb,May,Aug,Nov"
380,4,Thu,13/08/01,15092,1533,Yes,Yes,No,Yes,A,Basic,Yes,2240,Far,01/05/13,Yes,10,2014,"Mar,Jun,Sept,Dec"
380,2,Tue,25/06/13,10489,1145,Yes,No,No,No,A,Basic,Yes,2240,Far,01/05/13,Yes,10,2014,"Mar,Jun,Sept,Dec"
380,5,Fri,13/09/13,15228,1499,Yes,Yes,No,No,A,Basic,Yes,2240,Far,01/05/13,Yes,10,2014,"Mar,Jun,Sept,Dec"
380,2,Tue,19/11/13,15644,1454,Yes,Yes,No,No,A,Basic,Yes,2240,Far,01/05/13,Yes,10,2014,"Mar,Jun,Sept,Dec"
380,1,Mon,03/02/14,22538,1910,Yes,Yes,No,No,A,Basic,Yes,2240,Far,01/05/13,Yes,10,2014,"Mar,Jun,Sept,Dec"
380,3,Wed,15/04/15,15717,1495,Yes,Yes,No,No,A,Basic,Yes,2240,Far,01/05/13,Yes,10,2014,"Mar,Jun,Sept,Dec"
381,3,Wed,29/05/13,9108,1016,Yes,Yes,No,No,A,Basic,Yes,1800,Far,01/11/06,Yes,5,2013,"Feb,May,Aug,Nov"
386,4,Thu,20/02/14,9085,689,Yes,Yes,No,No,D,Extended,Yes,1460,Far,01/04/14,Yes,31,2013,"Jan,Apr,Jul,Oct"
386,5,Fri,18/07/14,6829,581,Yes,Yes,No,Yes,D,Extended,Yes,1460,Far,01/04/14,Yes,31,2013,"Jan,Apr,Jul,Oct"
391,6,Sat,13/02/02,3527,438,Yes,No,No,No,A,Basic,Yes,460,Far,01/11/14,Yes,31,2013,"Feb,May,Aug,Nov"
391,3,Wed,14/12/03,6725,692,Yes,Yes,No,No,A,Basic,Yes,460,Far,01/11/14,Yes,31,2013,"Feb,May,Aug,Nov"
391,6,Sat,18/05/13,3011,387,Yes,No,No,No,A,Basic,Yes,460,Far,01/11/14,Yes,31,2013,"Feb,May,Aug,Nov"
391,1,Mon,16/09/13,4700,691,Yes,No,No,No,A,Basic,Yes,460,Medium,01/11/14,Yes,31,2013,"Feb,May,Aug,Nov"
391,4,Thu,19/12/13,8091,920,Yes,Yes,No,No,A,Basic,Yes,460,Far,01/11/14,Yes,31,2013,"Feb,May,Aug,Nov"
391,5,Fri,14/01/24,6706,803,Yes,Yes,No,No,A,Basic,Yes,460,Medium,01/11/14,Yes,31,2013,"Feb,May,Aug,Nov"
399,6,Sat,04/05/13,5173,507,Yes,No,No,No,A,Basic,Yes,5360,Medium,01/09/12,Yes,40,2011,"Jan,Apr,Jul,Oct"
399,1,Mon,27/01/14,4119,499,Yes,No,No,No,A,Basic,Yes,5360,Far,01/09/12,Yes,40,2011,"Jan,Apr,Jul,Oct"
399,6,Sat,14/03/15,5891,570,Yes,No,No,No,A,Basic,Yes,5360,Far,01/09/12,Yes,40,2011,"Jan,Apr,Jul,Oct"
400,2,Tue,10/01/13,6864,1064,Yes,No,No,No,A,Basic,Yes,70,Far,01/11/04,Yes,14,2011,"Jan,Apr,Jul,Oct"
400,4,Thu,01/08/13,9343,1312,Yes,Yes,No,Yes,A,Basic,Yes,70,Medium,01/11/04,Yes,14,2011,"Jan,Apr,Jul,Oct"
400,6,Sat,07/09/13,4703,748,Yes,No,No,No,A,Basic,Yes,70,Far,01/11/04,Yes,14,2011,"Jan,Apr,Jul,Oct"
400,5,Fri,07/03/14,9125,1253,Yes,Yes,No,No,A,Basic,Yes,70,Far,01/11/04,Yes,14,2011,"Jan,Apr,Jul,Oct"
400,6,Sat,27/09/14,5371,829,Yes,No,No,No,A,Basic,Yes,70,Far,01/11/04,Yes,14,2011,"Jan,Apr,Jul,Oct"
400,5,Fri,15/05/15,9981,1407,Yes,No,No,Yes,A,Basic,Yes,70,Medium,01/11/04,Yes,14,2011,"Jan,Apr,Jul,Oct"
401,2,Tue,30/04/13,8656,811,Yes,Yes,No,No,A,Extended,Yes,9200,Far,01/10/09,Yes,14,2012,"Jan,Apr,Jul,Oct"
401,1,Mon,13/05/13,8975,854,Yes,Yes,No,No,A,Extended,Yes,9200,Far,01/10/09,Yes,14,2012,"Jan,Apr,Jul,Oct"
401,1,Mon,23/09/13,9492,826,Yes,Yes,No,No,A,Extended,Yes,9200,Far,01/10/09,Yes,14,2012,"Jan,Apr,Jul,Oct"
401,6,Sat,14/12/13,5595,457,Yes,No,No,No,A,Extended,Yes,9200,Far,01/10/09,Yes,14,2012,"Jan,Apr,Jul,Oct"
401,3,Wed,01/10/14,8441,813,Yes,Yes,No,No,A,Extended,Yes,9200,Far,01/10/09,Yes,14,2012,"Jan,Apr,Jul,Oct"
401,1,Mon,13/12/23,15148,1271,Yes,No,No,Yes,A,Extended,Yes,9200,Far,01/10/09,Yes,14,2012,"Jan,Apr,Jul,Oct"
402,1,Mon,14/04/07,3844,477,Yes,No,No,No,C,Extended,Yes,5830,Far,01/09/11,Yes,13,2010,"Jan,Apr,Jul,Oct"
402,5,Fri,13/09/13,6363,673,Yes,Yes,No,No,C,Extended,Yes,5830,Far,01/09/11,Yes,13,2010,"Jan,Apr,Jul,Oct"
402,4,Thu,18/06/15,5683,572,Yes,Yes,No,No,C,Extended,Yes,5830,Far,01/09/11,Yes,13,2010,"Jan,Apr,Jul,Oct"
405,4,Thu,14/09/04,4750,492,Yes,Yes,No,No,A,Basic,Yes,1080,Medium,01/04/08,Yes,14,2011,"Jan,Apr,Jul,Oct"
405,5,Fri,30/08/13,4973,533,Yes,Yes,No,Yes,A,Basic,Yes,1080,Far,01/04/08,Yes,14,2011,"Jan,Apr,Jul,Oct"
405,2,Tue,29/04/14,6393,619,Yes,Yes,No,No,A,Basic,Yes,1080,Far,01/04/08,Yes,14,2011,"Jan,Apr,Jul,Oct"
405,2,Tue,15/03/17,5388,550,Yes,Yes,No,No,A,Basic,Yes,1080,Medium,01/04/08,Yes,14,2011,"Jan,Apr,Jul,Oct"
406,4,Thu,07/02/13,4709,389,Yes,Yes,No,No,D,Extended,Yes,8240,Medium,01/03/01,Yes,10,2013,"Feb,May,Aug,Nov"
406,3,Wed,14/01/15,6953,501,Yes,Yes,No,No,D,Extended,Yes,8240,Far,01/03/01,Yes,10,2013,"Feb,May,Aug,Nov"
407,3,Wed,13/02/13,2826,230,Yes,No,No,Yes,A,Basic,Yes,5890,Far,01/10/03,Yes,14,2011,"Feb,May,Aug,Nov"
407,4,Thu,01/03/13,3744,315,Yes,No,No,Yes,A,Basic,Yes,5890,Medium,01/10/03,Yes,14,2011,"Feb,May,Aug,Nov"
407,1,Mon,25/03/13,5275,413,Yes,Yes,No,Yes,A,Basic,Yes,5890,Far,01/10/03,Yes,14,2011,"Feb,May,Aug,Nov"
407,3,Wed,24/07/13,2834,255,Yes,No,No,No,A,Basic,Yes,5890,Medium,01/10/03,Yes,14,2011,"Feb,May,Aug,Nov"
407,2,Tue,28/04/15,4515,316,Yes,Yes,No,No,A,Basic,Yes,5890,Medium,01/10/03,Yes,14,2011,"Feb,May,Aug,Nov"
410,1,Mon,24/02/14,4779,706,Yes,No,No,No,C,Basic,Yes,40,Far,01/11/11,Yes,22,2012,"Mar,Jun,Sept,Dec"
410,6,Sat,31/05/14,6442,846,Yes,No,No,No,C,Basic,Yes,40,Medium,01/11/11,Yes,22,2012,"Mar,Jun,Sept,Dec"
410,2,Tue,23/12/14,9118,1188,Yes,No,No,Yes,C,Basic,Yes,40,Medium,01/11/11,Yes,22,2012,"Mar,Jun,Sept,Dec"
418,2,Tue,21/05/13,4228,519,Yes,No,No,Yes,A,Basic,Yes,1060,Medium,01/05/09,Yes,27,2011,"Feb,May,Aug,Nov"
418,6,Sat,03/01/14,3590,425,Yes,No,No,No,A,Basic,Yes,1060,Far,01/05/09,Yes,27,2011,"Feb,May,Aug,Nov"
418,1,Mon,24/03/14,3682,449,Yes,No,No,No,A,Basic,Yes,1060,Far,01/05/09,Yes,27,2011,"Feb,May,Aug,Nov"
421,1,Mon,11/03/13,7215,890,Yes,No,No,No,C,Extended,Yes,3530,Medium,01/06/12,Yes,35,2012,"Mar,Jun,Sept,Dec"
421,5,Fri,02/07/14,9163,1013,Yes,Yes,No,No,C,Extended,Yes,3530,Medium,01/06/12,Yes,35,2012,"Mar,Jun,Sept,Dec"
421,2,Tue,14/08/19,10851,1070,Yes,Yes,No,Yes,C,Extended,Yes,3530,Medium,01/06/12,Yes,35,2012,"Mar,Jun,Sept,Dec"
427,6,Sat,04/06/13,5658,654,Yes,No,No,No,A,Extended,Yes,70,Far,01/07/05,Yes,13,2010,"Jan,Apr,Jul,Oct"
427,6,Sat,31/08/13,5724,609,Yes,No,No,No,A,Extended,Yes,70,Far,01/07/05,Yes,13,2010,"Jan,Apr,Jul,Oct"
427,2,Tue,22/04/14,5769,704,Yes,No,No,Yes,A,Extended,Yes,70,Far,01/07/05,Yes,13,2010,"Jan,Apr,Jul,Oct"
427,1,Mon,26/01/15,10844,968,Yes,Yes,No,No,A,Extended,Yes,70,Far,01/07/05,Yes,13,2010,"Jan,Apr,Jul,Oct"
427,4,Thu,02/05/15,8561,834,Yes,Yes,No,No,A,Extended,Yes,70,Far,01/07/05,Yes,13,2010,"Jan,Apr,Jul,Oct"
428,2,Tue,09/10/13,7000,536,Yes,Yes,No,Yes,D,Basic,Yes,2960,Far,01/12/14,Yes,23,2015,"Mar,Jun,Sept,Dec"
428,3,Wed,04/09/14,5346,442,Yes,No,No,No,D,Basic,Yes,2960,Far,01/12/14,Yes,23,2015,"Mar,Jun,Sept,Dec"
428,3,Wed,13/10/23,6218,528,Yes,Yes,No,No,D,Basic,Yes,2960,Far,01/12/14,Yes,23,2015,"Mar,Jun,Sept,Dec"
429,1,Mon,19/01/15,3571,353,Yes,No,No,No,D,Extended,Yes,16350,Far,01/07/05,Yes,31,2013,"Jan,Apr,Jul,Oct"
440,3,Wed,21/08/13,3888,496,Yes,No,No,Yes,D,Basic,Yes,3900,Far,01/04/05,Yes,45,2009,"Feb,May,Aug,Nov"
440,2,Tue,25/11/14,5888,639,Yes,Yes,No,No,D,Basic,Yes,3900,Far,01/04/05,Yes,45,2009,"Feb,May,Aug,Nov"
440,2,Tue,27/01/15,6351,684,Yes,Yes,No,No,D,Basic,Yes,3900,Medium,01/04/05,Yes,45,2009,"Feb,May,Aug,Nov"
440,4,Thu,07/02/15,5649,649,Yes,Yes,No,No,D,Basic,Yes,3900,Medium,01/04/05,Yes,45,2009,"Feb,May,Aug,Nov"
440,5,Fri,20/03/15,5673,658,Yes,Yes,No,No,D,Basic,Yes,3900,Far,01/04/05,Yes,45,2009,"Feb,May,Aug,Nov"
440,1,Mon,13/04/15,6848,710,Yes,Yes,No,No,D,Basic,Yes,3900,Far,01/04/05,Yes,45,2009,"Feb,May,Aug,Nov"
440,3,Wed,15/07/15,5510,612,Yes,Yes,No,No,D,Basic,Yes,3900,Far,01/04/05,Yes,45,2009,"Feb,May,Aug,Nov"
440,6,Sat,25/07/15,3163,376,Yes,No,No,No,D,Basic,Yes,3900,Far,01/04/05,Yes,45,2009,"Feb,May,Aug,Nov"
446,5,Fri,04/04/14,5156,676,Yes,Yes,No,No,A,Basic,Yes,340,Far,01/10/00,Yes,31,2013,"Feb,May,Aug,Nov"
446,2,Tue,25/11/14,6212,773,Yes,Yes,No,No,A,Basic,Yes,340,Far,01/10/00,Yes,31,2013,"Feb,May,Aug,Nov"
449,5,Fri,27/03/15,8955,1258,Yes,No,No,No,A,Extended,Yes,120,Medium,01/12/14,Yes,37,2009,"Jan,Apr,Jul,Oct"
450,6,Sat,28/09/13,12765,1898,Yes,No,No,No,C,Basic,Yes,5780,Far,01/11/94,Yes,10,2014,"Mar,Jun,Sept,Dec"
450,5,Fri,25/07/14,6190,848,Yes,No,No,No,C,Basic,Yes,5780,Far,01/11/94,Yes,10,2014,"Mar,Jun,Sept,Dec"
450,3,Wed,03/04/15,9229,971,Yes,Yes,No,No,C,Basic,Yes,5780,Far,01/11/94,Yes,10,2014,"Mar,Jun,Sept,Dec"
450,4,Thu,13/06/27,8561,1180,Yes,No,No,No,C,Basic,Yes,5780,Far,01/11/94,Yes,10,2014,"Mar,Jun,Sept,Dec"
451,5,Fri,13/01/04,4777,453,Yes,No,No,Yes,A,Basic,Yes,2460,Far,01/04/09,Yes,13,2010,"Jan,Apr,Jul,Oct"
451,5,Fri,07/05/13,5392,481,Yes,Yes,No,No,A,Basic,Yes,2460,Far,01/04/09,Yes,13,2010,"Jan,Apr,Jul,Oct"
451,5,Fri,17/05/13,5726,502,Yes,Yes,No,No,A,Basic,Yes,2460,Far,01/04/09,Yes,13,2010,"Jan,Apr,Jul,Oct"
451,5,Fri,05/12/14,6798,533,Yes,Yes,No,No,A,Basic,Yes,2460,Medium,01/04/09,Yes,13,2010,"Jan,Apr,Jul,Oct"
452,6,Sat,03/08/13,4547,430,Yes,No,No,No,A,Extended,Yes,1850,Far,01/08/13,Yes,5,2011,"Feb,May,Aug,Nov"
452,4,Thu,12/12/13,4937,475,Yes,No,No,No,A,Extended,Yes,1850,Far,01/08/13,Yes,5,2011,"Feb,May,Aug,Nov"
452,1,Mon,28/07/14,7456,600,Yes,Yes,No,Yes,A,Extended,Yes,1850,Far,01/08/13,Yes,5,2011,"Feb,May,Aug,Nov"
452,3,Wed,26/11/14,5815,500,Yes,Yes,No,No,A,Extended,Yes,1850,Medium,01/08/13,Yes,5,2011,"Feb,May,Aug,Nov"
452,5,Fri,14/08/22,7050,619,Yes,Yes,No,Yes,A,Extended,Yes,1850,Medium,01/08/13,Yes,5,2011,"Feb,May,Aug,Nov"
459,2,Tue,13/04/02,8171,1236,Yes,No,No,Yes,A,Basic,Yes,250,Far,01/09/08,Yes,5,2013,"Feb,May,Aug,Nov"
459,4,Thu,31/01/13,8283,1193,Yes,No,No,No,A,Basic,Yes,250,Far,01/09/08,Yes,5,2013,"Feb,May,Aug,Nov"
459,1,Mon,11/04/13,12273,1369,Yes,Yes,No,No,A,Basic,Yes,250,Far,01/09/08,Yes,5,2013,"Feb,May,Aug,Nov"
459,4,Thu,06/06/13,10477,1365,Yes,Yes,No,No,A,Basic,Yes,250,Far,01/09/08,Yes,5,2013,"Feb,May,Aug,Nov"
461,3,Wed,15/04/08,4021,431,Yes,No,No,Yes,D,Extended,Yes,1790,Far,01/07/13,Yes,40,2013,"Jan,Apr,Jul,Oct"
461,3,Wed,15/05/13,5997,529,Yes,Yes,No,No,D,Extended,Yes,1790,Far,01/07/13,Yes,40,2013,"Jan,Apr,Jul,Oct"
461,6,Sat,25/07/15,4837,480,Yes,No,No,No,D,Extended,Yes,1790,Far,01/07/13,Yes,40,2013,"Jan,Apr,Jul,Oct"
477,6,Sat,14/01/04,5518,454,Yes,No,No,No,D,Basic,Yes,770,Medium,01/07/10,Yes,35,2010,"Jan,Apr,Jul,Oct"
477,6,Sat,23/11/13,6377,466,Yes,No,No,No,D,Basic,Yes,770,Far,01/07/10,Yes,35,2010,"Jan,Apr,Jul,Oct"
477,2,Tue,07/01/14,10811,706,Yes,Yes,No,No,D,Basic,Yes,770,Medium,01/07/10,Yes,35,2010,"Jan,Apr,Jul,Oct"
477,2,Tue,21/01/14,7072,432,Yes,Yes,No,No,D,Basic,Yes,770,Far,01/07/10,Yes,35,2010,"Jan,Apr,Jul,Oct"
479,5,Fri,14/12/12,12488,1416,Yes,No,No,No,A,Basic,Yes,320,Far,01/12/05,Yes,9,2011,"Feb,May,Aug,Nov"
479,6,Sat,14/03/15,6589,721,Yes,No,No,No,A,Basic,Yes,320,Far,01/12/05,Yes,9,2011,"Feb,May,Aug,Nov"
483,3,Wed,14/12/10,4727,641,Yes,No,No,No,A,Extended,Yes,2310,Far,01/09/11,Yes,13,2010,"Jan,Apr,Jul,Oct"
483,1,Mon,02/12/13,9504,1076,Yes,Yes,No,No,A,Extended,Yes,2310,Far,01/09/11,Yes,13,2010,"Jan,Apr,Jul,Oct"
483,6,Sat,13/06/15,1619,218,Yes,No,No,No,A,Extended,Yes,2310,Far,01/09/11,Yes,13,2010,"Jan,Apr,Jul,Oct"
483,1,Mon,13/07/15,7092,819,Yes,Yes,No,Yes,A,Extended,Yes,2310,Medium,01/09/11,Yes,13,2010,"Jan,Apr,Jul,Oct"
487,5,Fri,26/04/13,7655,795,Yes,Yes,No,No,D,Extended,Yes,2180,Far,01/09/12,Yes,40,2012,"Jan,Apr,Jul,Oct"
487,4,Thu,18/09/14,6992,641,Yes,Yes,No,No,D,Extended,Yes,2180,Medium,01/09/12,Yes,40,2012,"Jan,Apr,Jul,Oct"
487,3,Wed,10/12/14,6939,628,Yes,No,No,No,D,Extended,Yes,2180,Far,01/09/12,Yes,40,2012,"Jan,Apr,Jul,Oct"
489,6,Sat,25/10/14,2943,287,Yes,No,No,No,A,Basic,Yes,14960,Far,01/11/13,Yes,37,2009,"Jan,Apr,Jul,Oct"
490,2,Tue,29/01/13,6645,926,Yes,No,No,No,A,Basic,Yes,660,Far,01/04/13,Yes,40,2014,"Jan,Apr,Jul,Oct"
490,2,Tue,03/05/13,10128,1283,Yes,Yes,No,No,A,Basic,Yes,660,Far,01/04/13,Yes,40,2014,"Jan,Apr,Jul,Oct"
490,2,Tue,15/10/13,7571,1003,Yes,No,No,No,A,Basic,Yes,660,Medium,01/04/13,Yes,40,2014,"Jan,Apr,Jul,Oct"
490,6,Sat,22/02/14,9749,1237,Yes,No,No,No,A,Basic,Yes,660,Far,01/04/13,Yes,40,2014,"Jan,Apr,Jul,Oct"
490,2,Tue,20/05/14,8723,1096,Yes,Yes,No,No,A,Basic,Yes,660,Far,01/04/13,Yes,40,2014,"Jan,Apr,Jul,Oct"
490,3,Wed,06/05/15,8061,1006,Yes,Yes,No,No,A,Basic,Yes,660,Far,01/04/13,Yes,40,2014,"Jan,Apr,Jul,Oct"
492,2,Tue,03/04/14,6540,916,Yes,Yes,No,Yes,A,Basic,Yes,1740,Far,01/03/08,Yes,40,2012,"Jan,Apr,Jul,Oct"
492,3,Wed,02/05/14,9124,1201,Yes,Yes,No,No,A,Basic,Yes,1740,Far,01/03/08,Yes,40,2012,"Jan,Apr,Jul,Oct"
502,1,Mon,13/04/15,13910,1768,Yes,Yes,No,No,A,Basic,Yes,220,Far,01/02/02,Yes,37,2009,"Jan,Apr,Jul,Oct"
503,5,Fri,25/01/13,8275,615,Yes,Yes,No,No,D,Extended,Yes,13080,Far,01/09/06,Yes,14,2011,"Jan,Apr,Jul,Oct"
503,2,Tue,28/05/13,7335,490,Yes,Yes,No,No,D,Extended,Yes,13080,Far,01/09/06,Yes,14,2011,"Jan,Apr,Jul,Oct"
503,4,Thu,15/04/30,11001,745,Yes,Yes,No,No,D,Extended,Yes,13080,Far,01/09/06,Yes,14,2011,"Jan,Apr,Jul,Oct"
506,1,Mon,13/11/04,11013,1075,Yes,Yes,No,No,A,Basic,Yes,1850,Far,01/12/14,Yes,18,2011,"Feb,May,Aug,Nov"
506,3,Wed,14/08/13,6341,826,Yes,No,No,Yes,A,Basic,Yes,1850,Far,01/12/14,Yes,18,2011,"Feb,May,Aug,Nov"
506,1,Mon,23/06/14,6649,819,Yes,No,No,No,A,Basic,Yes,1850,Far,01/12/14,Yes,18,2011,"Feb,May,Aug,Nov"
506,3,Wed,20/08/14,9032,1027,Yes,Yes,No,No,A,Basic,Yes,1850,Far,01/12/14,Yes,18,2011,"Feb,May,Aug,Nov"
506,6,Sat,21/02/15,4861,592,Yes,No,No,No,A,Basic,Yes,1850,Far,01/12/14,Yes,18,2011,"Feb,May,Aug,Nov"
506,6,Sat,14/03/15,5012,574,Yes,No,No,No,A,Basic,Yes,1850,Far,01/12/14,Yes,18,2011,"Feb,May,Aug,Nov"
506,4,Thu,19/03/15,7194,809,Yes,Yes,No,No,A,Basic,Yes,1850,Far,01/12/14,Yes,18,2011,"Feb,May,Aug,Nov"
506,3,Wed,24/06/15,5887,732,Yes,No,No,No,A,Basic,Yes,1850,Medium,01/12/14,Yes,18,2011,"Feb,May,Aug,Nov"
506,5,Fri,14/05/16,5832,732,Yes,No,No,No,A,Basic,Yes,1850,Far,01/12/14,Yes,18,2011,"Feb,May,Aug,Nov"
507,1,Mon,07/08/13,6892,582,Yes,No,No,No,A,Extended,Yes,9070,Far,01/04/11,Yes,37,2009,"Jan,Apr,Jul,Oct"
507,1,Mon,01/06/14,13654,851,Yes,Yes,No,Yes,A,Extended,Yes,9070,Far,01/04/11,Yes,37,2009,"Jan,Apr,Jul,Oct"
507,6,Sat,09/08/14,8592,710,Yes,No,No,No,A,Extended,Yes,9070,Far,01/04/11,Yes,37,2009,"Jan,Apr,Jul,Oct"
509,2,Tue,21/05/13,5599,566,Yes,No,No,No,A,Basic,Yes,4740,Far,01/07/08,Yes,37,2009,"Jan,Apr,Jul,Oct"
509,4,Thu,09/04/14,5825,486,Yes,Yes,No,Yes,A,Basic,Yes,4740,Far,01/07/08,Yes,37,2009,"Jan,Apr,Jul,Oct"
509,1,Mon,18/08/14,9527,700,Yes,Yes,No,Yes,A,Basic,Yes,4740,Far,01/07/08,Yes,37,2009,"Jan,Apr,Jul,Oct"
509,1,Mon,22/12/14,9869,874,Yes,No,No,Yes,A,Basic,Yes,4740,Far,01/07/08,Yes,37,2009,"Jan,Apr,Jul,Oct"
514,2,Tue,02/04/13,4447,533,Yes,No,No,Yes,C,Extended,Yes,1200,Far,01/07/12,Yes,27,2012,"Jan,Apr,Jul,Oct"
514,3,Wed,17/06/15,7348,681,Yes,Yes,No,No,C,Extended,Yes,1200,Far,01/07/12,Yes,27,2012,"Jan,Apr,Jul,Oct"
518,5,Fri,13/03/01,5281,497,Yes,No,No,No,D,Extended,Yes,3330,Far,01/03/15,Yes,13,2010,"Jan,Apr,Jul,Oct"
518,2,Tue,14/05/13,5509,469,Yes,Yes,No,No,D,Extended,Yes,3330,Medium,01/03/15,Yes,13,2010,"Jan,Apr,Jul,Oct"
518,2,Tue,06/08/13,3751,347,Yes,No,No,Yes,D,Extended,Yes,3330,Far,01/03/15,Yes,13,2010,"Jan,Apr,Jul,Oct"
518,1,Mon,04/07/14,4261,432,Yes,No,No,No,D,Extended,Yes,3330,Far,01/03/15,Yes,13,2010,"Jan,Apr,Jul,Oct"
521,2,Tue,08/10/13,4983,361,Yes,Yes,No,Yes,D,Basic,Yes,18610,Far,01/11/02,Yes,48,2011,"Mar,Jun,Sept,Dec"
521,1,Mon,24/03/14,3942,376,Yes,No,No,No,D,Basic,Yes,18610,Medium,01/11/02,Yes,48,2011,"Mar,Jun,Sept,Dec"
522,3,Wed,04/09/14,6427,553,Yes,No,No,No,D,Extended,Yes,7160,Medium,01/11/12,Yes,9,2011,"Jan,Apr,Jul,Oct"
534,1,Mon,01/12/15,10533,700,Yes,Yes,No,No,D,Basic,Yes,1200,Medium,01/09/09,Yes,45,2009,"Jan,Apr,Jul,Oct"
536,3,Wed,15/06/10,6824,771,Yes,No,No,No,A,Extended,Yes,4700,Medium,01/09/02,Yes,31,2013,"Feb,May,Aug,Nov"
536,5,Fri,25/01/13,8694,973,Yes,Yes,No,No,A,Extended,Yes,4700,Far,01/09/02,Yes,31,2013,"Feb,May,Aug,Nov"
536,1,Mon,07/04/14,7595,873,Yes,No,No,No,A,Extended,Yes,4700,Far,01/09/02,Yes,31,2013,"Feb,May,Aug,Nov"
539,1,Mon,15/05/04,13622,1286,Yes,Yes,No,No,A,Basic,Yes,770,Far,01/05/13,Yes,40,2014,"Jan,Apr,Jul,Oct"
539,4,Thu,29/08/13,10482,1085,Yes,Yes,No,Yes,A,Basic,Yes,770,Far,01/05/13,Yes,40,2014,"Jan,Apr,Jul,Oct"
539,1,Mon,21/10/13,11437,1231,Yes,Yes,No,No,A,Basic,Yes,770,Far,01/05/13,Yes,40,2014,"Jan,Apr,Jul,Oct"
539,6,Sat,23/05/15,12134,1184,Yes,No,No,No,A,Basic,Yes,770,Far,01/05/13,Yes,40,2014,"Jan,Apr,Jul,Oct"
544,1,Mon,15/06/08,12117,1638,Yes,No,No,No,A,Basic,Yes,250,Far,01/12/01,Yes,13,2010,"Jan,Apr,Jul,Oct"
544,2,Tue,17/02/15,15077,1872,Yes,Yes,No,Yes,A,Basic,Yes,250,Far,01/12/01,Yes,13,2010,"Jan,Apr,Jul,Oct"
545,3,Wed,14/04/09,8143,909,Yes,No,No,No,A,Extended,Yes,5020,Far,01/05/06,Yes,18,2014,"Feb,May,Aug,Nov"
545,1,Mon,14/03/10,8144,957,Yes,No,No,No,A,Extended,Yes,5020,Far,01/05/06,Yes,18,2014,"Feb,May,Aug,Nov"
545,5,Fri,31/01/14,9893,1051,Yes,No,No,No,A,Extended,Yes,5020,Far,01/05/06,Yes,18,2014,"Feb,May,Aug,Nov"
545,6,Sat,10/05/14,8466,904,Yes,No,No,No,A,Extended,Yes,5020,Far,01/05/06,Yes,18,2014,"Feb,May,Aug,Nov"
545,5,Fri,26/09/14,7804,834,Yes,No,No,No,A,Extended,Yes,5020,Far,01/05/06,Yes,18,2014,"Feb,May,Aug,Nov"
545,2,Tue,28/10/14,8253,937,Yes,No,No,No,A,Extended,Yes,5020,Far,01/05/06,Yes,18,2014,"Feb,May,Aug,Nov"
545,6,Sat,14/06/21,8025,791,Yes,No,No,No,A,Extended,Yes,5020,Far,01/05/06,Yes,18,2014,"Feb,May,Aug,Nov"
545,5,Fri,13/11/22,10828,1020,Yes,Yes,No,No,A,Extended,Yes,5020,Far,01/05/06,Yes,18,2014,"Feb,May,Aug,Nov"
552,5,Fri,18/01/13,5769,581,Yes,No,No,No,A,Basic,Yes,4260,Far,01/07/08,Yes,37,2009,"Jan,Apr,Jul,Oct"
552,3,Wed,13/02/13,6084,690,Yes,No,No,No,A,Basic,Yes,4260,Far,01/07/08,Yes,37,2009,"Jan,Apr,Jul,Oct"
552,2,Tue,25/06/13,5857,640,Yes,No,No,No,A,Basic,Yes,4260,Far,01/07/08,Yes,37,2009,"Jan,Apr,Jul,Oct"
552,2,Tue,10/08/13,11546,903,Yes,Yes,No,No,A,Basic,Yes,4260,Far,01/07/08,Yes,37,2009,"Jan,Apr,Jul,Oct"
552,1,Mon,12/05/14,5852,658,Yes,No,No,No,A,Basic,Yes,4260,Far,01/07/08,Yes,37,2009,"Jan,Apr,Jul,Oct"
552,6,Sat,14/05/17,3914,392,Yes,No,No,No,A,Basic,Yes,4260,Far,01/07/08,Yes,37,2009,"Jan,Apr,Jul,Oct"
553,4,Thu,28/03/13,9970,874,Yes,Yes,No,Yes,C,Basic,Yes,3040,Far,01/09/02,Yes,13,2010,"Jan,Apr,Jul,Oct"
553,6,Sat,23/08/14,8419,823,Yes,No,No,No,C,Basic,Yes,3040,Far,01/09/02,Yes,13,2010,"Jan,Apr,Jul,Oct"
555,3,Wed,14/06/04,5346,476,Yes,Yes,No,No,D,Basic,Yes,1560,Medium,01/01/14,Yes,10,2013,"Mar,Jun,Sept,Dec"
555,1,Mon,12/02/13,9587,750,Yes,Yes,No,No,D,Basic,Yes,1560,Far,01/01/14,Yes,10,2013,"Mar,Jun,Sept,Dec"
555,5,Fri,08/05/15,5472,439,Yes,Yes,No,No,D,Basic,Yes,1560,Far,01/01/14,Yes,10,2013,"Mar,Jun,Sept,Dec"
555,1,Mon,13/02/18,7316,658,Yes,Yes,No,No,D,Basic,Yes,1560,Far,01/01/14,Yes,10,2013,"Mar,Jun,Sept,Dec"
555,2,Tue,15/03/31,7487,530,Yes,Yes,No,Yes,D,Basic,Yes,1560,Far,01/01/14,Yes,10,2013,"Mar,Jun,Sept,Dec"
559,2,Tue,13/05/07,5630,826,Yes,No,No,No,D,Basic,Yes,3910,Far,01/11/06,Yes,5,2013,"Feb,May,Aug,Nov"
559,5,Fri,13/12/13,5602,721,Yes,No,No,No,D,Basic,Yes,3910,Far,01/11/06,Yes,5,2013,"Feb,May,Aug,Nov"
563,4,Thu,17/07/14,6002,727,Yes,Yes,No,Yes,A,Basic,Yes,700,Far,01/03/15,Yes,10,2014,"Jan,Apr,Jul,Oct"
563,1,Mon,03/11/14,8769,952,Yes,Yes,No,No,A,Basic,Yes,700,Far,01/03/15,Yes,10,2014,"Jan,Apr,Jul,Oct"
567,1,Mon,15/06/08,4717,651,Yes,No,No,No,C,Basic,Yes,1010,Far,01/09/12,Yes,18,2011,"Feb,May,Aug,Nov"
567,2,Tue,23/07/13,3471,526,Yes,No,No,Yes,C,Basic,Yes,1010,Far,01/09/12,Yes,18,2011,"Feb,May,Aug,Nov"
567,3,Wed,07/08/13,4148,560,Yes,No,No,Yes,C,Basic,Yes,1010,Far,01/09/12,Yes,18,2011,"Feb,May,Aug,Nov"
567,5,Fri,20/09/13,3856,560,Yes,No,No,No,C,Basic,Yes,1010,Medium,01/09/12,Yes,18,2011,"Feb,May,Aug,Nov"
567,1,Mon,28/10/13,4543,653,Yes,No,No,Yes,C,Basic,Yes,1010,Medium,01/09/12,Yes,18,2011,"Feb,May,Aug,Nov"
567,2,Tue,02/04/14,7383,854,Yes,Yes,No,No,C,Basic,Yes,1010,Medium,01/09/12,Yes,18,2011,"Feb,May,Aug,Nov"
567,1,Mon,20/10/14,7407,854,Yes,Yes,No,No,C,Basic,Yes,1010,Medium,01/09/12,Yes,18,2011,"Feb,May,Aug,Nov"
567,2,Tue,01/06/15,6499,802,Yes,Yes,No,Yes,C,Basic,Yes,1010,Medium,01/09/12,Yes,18,2011,"Feb,May,Aug,Nov"
567,5,Fri,05/06/15,6169,676,Yes,Yes,No,No,C,Basic,Yes,1010,Far,01/09/12,Yes,18,2011,"Feb,May,Aug,Nov"
571,4,Thu,13/11/07,7140,560,Yes,Yes,No,No,D,Basic,Yes,2110,Far,01/11/95,Yes,40,2014,"Jan,Apr,Jul,Oct"
571,1,Mon,13/06/10,5823,470,Yes,No,No,No,D,Basic,Yes,2110,Far,01/11/95,Yes,40,2014,"Jan,Apr,Jul,Oct"
571,2,Tue,10/01/13,5635,439,Yes,No,No,No,D,Basic,Yes,2110,Far,01/11/95,Yes,40,2014,"Jan,Apr,Jul,Oct"
571,3,Wed,10/04/13,6547,492,Yes,Yes,No,No,D,Basic,Yes,2110,Far,01/11/95,Yes,40,2014,"Jan,Apr,Jul,Oct"
571,5,Fri,20/12/13,11927,839,Yes,Yes,No,No,D,Basic,Yes,2110,Far,01/11/95,Yes,40,2014,"Jan,Apr,Jul,Oct"
571,2,Tue,04/01/14,7472,563,Yes,Yes,No,No,D,Basic,Yes,2110,Far,01/11/95,Yes,40,2014,"Jan,Apr,Jul,Oct"
572,3,Wed,07/10/13,5709,521,Yes,No,No,No,D,Extended,Yes,9230,Far,01/04/04,Yes,37,2009,"Jan,Apr,Jul,Oct"
572,1,Mon,15/09/14,9132,688,Yes,Yes,No,No,D,Extended,Yes,9230,Far,01/04/04,Yes,37,2009,"Jan,Apr,Jul,Oct"
572,4,Thu,11/12/14,6331,540,Yes,No,No,No,D,Extended,Yes,9230,Far,01/04/04,Yes,37,2009,"Jan,Apr,Jul,Oct"
573,4,Thu,14/03/13,2426,264,Yes,No,No,No,A,Basic,Yes,1190,Far,01/11/12,Yes,36,2013,"Jan,Apr,Jul,Oct"
573,5,Fri,01/10/14,5335,421,Yes,Yes,No,No,A,Basic,Yes,1190,Far,01/11/12,Yes,36,2013,"Jan,Apr,Jul,Oct"
573,2,Tue,05/05/15,4562,393,Yes,Yes,No,No,A,Basic,Yes,1190,Far,01/11/12,Yes,36,2013,"Jan,Apr,Jul,Oct"
573,4,Thu,30/07/15,4298,359,Yes,Yes,No,No,A,Basic,Yes,1190,Medium,01/11/12,Yes,36,2013,"Jan,Apr,Jul,Oct"
575,1,Mon,21/01/13,8327,675,Yes,Yes,No,No,A,Basic,Yes,960,Far,01/05/08,Yes,13,2010,"Jan,Apr,Jul,Oct"
575,4,Thu,14/03/13,4059,408,Yes,No,No,No,A,Basic,Yes,960,Medium,01/05/08,Yes,13,2010,"Jan,Apr,Jul,Oct"
575,5,Fri,23/05/14,6101,560,Yes,Yes,No,No,A,Basic,Yes,960,Medium,01/05/08,Yes,13,2010,"Jan,Apr,Jul,Oct"
575,1,Mon,15/02/16,10765,799,Yes,Yes,No,Yes,A,Basic,Yes,960,Far,01/05/08,Yes,13,2010,"Jan,Apr,Jul,Oct"
587,3,Wed,26/03/14,7529,529,Yes,No,No,No,D,Extended,Yes,330,Medium,01/09/06,Yes,14,2011,"Jan,Apr,Jul,Oct"
587,3,Wed,09/04/14,7534,563,Yes,No,No,No,D,Extended,Yes,330,Far,01/09/06,Yes,14,2011,"Jan,Apr,Jul,Oct"
587,3,Wed,25/02/15,7332,533,Yes,No,No,No,D,Extended,Yes,330,Far,01/09/06,Yes,14,2011,"Jan,Apr,Jul,Oct"
590,1,Mon,14/10/13,4769,372,Yes,No,No,No,D,Extended,Yes,4520,Far,01/09/10,Yes,31,2013,"Jan,Apr,Jul,Oct"
590,1,Mon,14/12/29,4491,365,Yes,No,No,Yes,D,Extended,Yes,4520,Far,01/09/10,Yes,31,2013,"Jan,Apr,Jul,Oct"
598,5,Fri,14/02/07,5529,738,Yes,Yes,No,No,C,Basic,Yes,550,Far,01/12/13,Yes,40,2014,"Jan,Apr,Jul,Oct"
600,4,Thu,23/04/15,5283,529,Yes,No,No,No,D,Extended,Yes,17340,Medium,01/06/10,Yes,9,2011,"Feb,May,Aug,Nov"
600,5,Fri,22/05/15,8084,683,Yes,Yes,No,No,D,Extended,Yes,17340,Medium,01/06/10,Yes,9,2011,"Feb,May,Aug,Nov"
601,6,Sat,11/02/13,5120,448,Yes,No,No,No,D,Basic,Yes,8220,Far,01/04/14,Yes,14,2011,"Jan,Apr,Jul,Oct"
601,6,Sat,05/04/13,5110,464,Yes,No,No,No,D,Basic,Yes,8220,Far,01/04/14,Yes,14,2011,"Jan,Apr,Jul,Oct"
601,4,Thu,01/08/13,4812,371,Yes,Yes,No,Yes,D,Basic,Yes,8220,Far,01/04/14,Yes,14,2011,"Jan,Apr,Jul,Oct"
601,6,Sat,26/10/13,4307,421,Yes,No,No,No,D,Basic,Yes,8220,Far,01/04/14,Yes,14,2011,"Jan,Apr,Jul,Oct"
601,4,Thu,20/02/14,4829,379,Yes,Yes,No,No,D,Basic,Yes,8220,Far,01/04/14,Yes,14,2011,"Jan,Apr,Jul,Oct"
601,4,Thu,30/10/14,4133,343,Yes,No,No,Yes,D,Basic,Yes,8220,Medium,01/04/14,Yes,14,2011,"Jan,Apr,Jul,Oct"
601,2,Tue,13/07/23,3360,323,Yes,No,No,Yes,D,Basic,Yes,8220,Medium,01/04/14,Yes,14,2011,"Jan,Apr,Jul,Oct"
602,3,Wed,06/03/13,6836,668,Yes,Yes,No,No,A,Basic,Yes,2710,Medium,01/07/01,Yes,22,2012,"Mar,Jun,Sept,Dec"
602,6,Sat,15/06/13,5216,472,Yes,No,No,No,A,Basic,Yes,2710,Medium,01/07/01,Yes,22,2012,"Mar,Jun,Sept,Dec"
602,3,Wed,21/05/14,6899,631,Yes,Yes,No,No,A,Basic,Yes,2710,Medium,01/07/01,Yes,22,2012,"Mar,Jun,Sept,Dec"
602,6,Sat,27/12/14,4129,429,Yes,No,No,Yes,A,Basic,Yes,2710,Far,01/07/01,Yes,22,2012,"Mar,Jun,Sept,Dec"
602,4,Thu,29/01/15,7836,653,Yes,Yes,No,No,A,Basic,Yes,2710,Far,01/07/01,Yes,22,2012,"Mar,Jun,Sept,Dec"
602,5,Fri,15/06/19,7267,634,Yes,Yes,No,No,A,Basic,Yes,2710,Far,01/07/01,Yes,22,2012,"Mar,Jun,Sept,Dec"
603,2,Tue,06/05/14,9176,1197,Yes,Yes,No,No,A,Basic,Yes,340,Medium,01/04/07,Yes,13,2010,"Jan,Apr,Jul,Oct"
603,3,Wed,13/06/26,4586,710,Yes,No,No,No,A,Basic,Yes,340,Far,01/04/07,Yes,13,2010,"Jan,Apr,Jul,Oct"
605,1,Mon,11/03/13,4457,409,Yes,No,No,No,D,Basic,Yes,10310,Far,01/04/03,Yes,37,2009,"Jan,Apr,Jul,Oct"
605,3,Wed,22/05/13,5532,416,Yes,No,No,Yes,D,Basic,Yes,10310,Far,01/04/03,Yes,37,2009,"Jan,Apr,Jul,Oct"
605,3,Wed,11/09/13,7228,515,Yes,Yes,No,No,D,Basic,Yes,10310,Medium,01/04/03,Yes,37,2009,"Jan,Apr,Jul,Oct"
605,2,Tue,04/07/15,6336,477,Yes,No,No,Yes,D,Basic,Yes,10310,Medium,01/04/03,Yes,37,2009,"Jan,Apr,Jul,Oct"
605,4,Thu,14/06/26,5440,444,Yes,No,No,No,D,Basic,Yes,10310,Far,01/04/03,Yes,37,2009,"Jan,Apr,Jul,Oct"
607,5,Fri,05/03/13,5770,595,Yes,Yes,No,No,A,Basic,Yes,350,Far,01/08/99,Yes,14,2011,"Jan,Apr,Jul,Oct"
607,6,Sat,19/07/14,1507,178,Yes,No,No,No,A,Basic,Yes,350,Far,01/08/99,Yes,14,2011,"Jan,Apr,Jul,Oct"
607,4,Thu,14/01/23,4428,430,Yes,Yes,No,No,A,Basic,Yes,350,Far,01/08/99,Yes,14,2011,"Jan,Apr,Jul,Oct"
608,2,Tue,14/03/11,7481,924,Yes,No,No,No,A,Extended,Yes,18370,Far,01/02/13,Yes,14,2011,"Jan,Apr,Jul,Oct"
608,1,Mon,27/05/13,12155,1125,Yes,Yes,No,No,A,Extended,Yes,18370,Medium,01/02/13,Yes,14,2011,"Jan,Apr,Jul,Oct"
608,3,Wed,28/08/13,10568,1070,Yes,Yes,No,Yes,A,Extended,Yes,18370,Medium,01/02/13,Yes,14,2011,"Jan,Apr,Jul,Oct"
611,4,Thu,08/01/13,5895,504,Yes,Yes,No,Yes,A,Basic,Yes,8080,Far,01/12/02,Yes,40,2014,"Jan,Apr,Jul,Oct"
611,4,Thu,22/05/14,5858,497,Yes,Yes,No,No,A,Basic,Yes,8080,Far,01/12/02,Yes,40,2014,"Jan,Apr,Jul,Oct"
611,3,Wed,13/09/18,4200,355,Yes,No,No,No,A,Basic,Yes,8080,Far,01/12/02,Yes,40,2014,"Jan,Apr,Jul,Oct"
612,4,Thu,14/06/05,8553,491,Yes,Yes,No,No,D,Extended,Yes,2490,Far,01/11/12,Yes,31,2009,"Jan,Apr,Jul,Oct"
612,2,Tue,15/03/10,4971,319,Yes,No,No,No,D,Extended,Yes,2490,Far,01/11/12,Yes,31,2009,"Jan,Apr,Jul,Oct"
613,6,Sat,14/12/20,10896,1656,Yes,No,No,No,C,Basic,Yes,250,Medium,01/06/07,Yes,14,2011,"Jan,Apr,Jul,Oct"
613,5,Fri,13/09/27,7234,997,Yes,Yes,No,No,C,Basic,Yes,250,Far,01/06/07,Yes,14,2011,"Jan,Apr,Jul,Oct"
616,4,Thu,29/08/13,9053,839,Yes,Yes,No,Yes,A,Extended,Yes,3040,Medium,01/08/11,Yes,35,2010,"Mar,Jun,Sept,Dec"
616,3,Wed,02/04/14,9674,893,Yes,Yes,No,No,A,Extended,Yes,3040,Far,01/08/11,Yes,35,2010,"Mar,Jun,Sept,Dec"
616,1,Mon,06/07/15,8618,864,Yes,No,No,Yes,A,Extended,Yes,3040,Far,01/08/11,Yes,35,2010,"Mar,Jun,Sept,Dec"
616,1,Mon,15/04/27,10439,963,Yes,Yes,No,No,A,Extended,Yes,3040,Far,01/08/11,Yes,35,2010,"Mar,Jun,Sept,Dec"
619,4,Thu,07/11/13,5680,514,Yes,Yes,No,No,A,Basic,Yes,1600,Far,01/06/06,Yes,45,2009,"Feb,May,Aug,Nov"
619,5,Fri,15/05/22,4221,461,Yes,Yes,No,No,A,Basic,Yes,1600,Far,01/06/06,Yes,45,2009,"Feb,May,Aug,Nov"
623,4,Thu,14/07/10,6498,836,Yes,No,No,Yes,A,Basic,Yes,4080,Far,01/03/11,Yes,13,2010,"Jan,Apr,Jul,Oct"
623,2,Tue,15/10/13,10832,759,Yes,No,No,No,A,Basic,Yes,4080,Far,01/03/11,Yes,13,2010,"Jan,Apr,Jul,Oct"
623,2,Tue,12/05/15,6602,841,Yes,No,No,No,A,Basic,Yes,4080,Medium,01/03/11,Yes,13,2010,"Jan,Apr,Jul,Oct"
625,4,Thu,13/06/13,5090,505,Yes,No,No,No,A,Basic,Yes,1170,Far,01/04/11,Yes,22,2012,"Feb,May,Aug,Nov"
625,4,Thu,04/12/14,8256,748,Yes,Yes,No,No,A,Basic,Yes,1170,Far,01/04/11,Yes,22,2012,"Feb,May,Aug,Nov"
625,3,Wed,06/03/15,8193,790,Yes,Yes,No,No,A,Basic,Yes,1170,Far,01/04/11,Yes,22,2012,"Feb,May,Aug,Nov"
629,3,Wed,18/09/13,6528,597,Yes,No,No,No,D,Basic,Yes,510,Far,01/07/14,Yes,23,2015,"Mar,Jun,Sept,Dec"
629,1,Mon,18/11/13,10760,899,Yes,Yes,No,No,D,Basic,Yes,510,Far,01/07/14,Yes,23,2015,"Mar,Jun,Sept,Dec"
629,2,Tue,16/06/15,7399,581,Yes,Yes,No,No,D,Basic,Yes,510,Far,01/07/14,Yes,23,2015,"Mar,Jun,Sept,Dec"
633,5,Fri,13/03/01,6925,587,Yes,No,No,No,D,Basic,Yes,11640,Far,01/04/05,Yes,22,2011,"Jan,Apr,Jul,Oct"
636,5,Fri,15/01/09,7370,823,Yes,Yes,No,No,C,Basic,Yes,720,Far,01/10/04,Yes,13,2010,"Jan,Apr,Jul,Oct"
636,2,Tue,14/01/28,3543,523,Yes,No,No,No,C,Basic,Yes,720,Far,01/10/04,Yes,13,2010,"Jan,Apr,Jul,Oct"
641,4,Thu,05/09/13,5009,573,Yes,No,No,No,A,Extended,Yes,610,Far,01/12/03,Yes,36,2013,"Mar,Jun,Sept,Dec"
641,1,Mon,12/05/14,4593,529,Yes,No,No,No,A,Extended,Yes,610,Far,01/12/03,Yes,36,2013,"Mar,Jun,Sept,Dec"
641,3,Wed,09/07/14,3765,354,Yes,No,No,Yes,A,Extended,Yes,610,Medium,01/12/03,Yes,36,2013,"Mar,Jun,Sept,Dec"
641,6,Sat,13/03/16,3564,363,Yes,No,No,No,A,Extended,Yes,610,Far,01/12/03,Yes,36,2013,"Mar,Jun,Sept,Dec"
641,2,Tue,14/08/26,5066,513,Yes,No,No,No,A,Extended,Yes,610,Medium,01/12/03,Yes,36,2013,"Mar,Jun,Sept,Dec"
642,1,Mon,22/04/13,3944,512,Yes,Yes,No,No,C,Extended,Yes,530,Medium,01/04/05,Yes,35,2010,"Mar,Jun,Sept,Dec"
642,6,Sat,15/04/18,3507,486,Yes,No,No,No,C,Extended,Yes,530,Medium,01/04/05,Yes,35,2010,"Mar,Jun,Sept,Dec"
643,2,Tue,21/07/15,6756,922,Yes,No,No,Yes,A,Basic,Yes,230,Far,01/06/10,Yes,18,2010,"Feb,May,Aug,Nov"
643,2,Tue,14/09/23,5886,913,Yes,No,No,No,A,Basic,Yes,230,Medium,01/06/10,Yes,18,2010,"Feb,May,Aug,Nov"
644,4,Thu,14/11/13,7108,826,Yes,No,No,No,C,Basic,Yes,4030,Medium,01/12/04,Yes,14,2011,"Jan,Apr,Jul,Oct"
644,4,Thu,20/03/14,7852,887,Yes,Yes,No,No,C,Basic,Yes,4030,Far,01/12/04,Yes,14,2011,"Jan,Apr,Jul,Oct"
644,4,Thu,02/07/15,8366,925,Yes,Yes,No,No,C,Basic,Yes,4030,Far,01/12/04,Yes,14,2011,"Jan,Apr,Jul,Oct"
650,1,Mon,14/02/10,5400,604,Yes,No,No,No,A,Basic,Yes,1420,Far,01/10/12,Yes,40,2014,"Jan,Apr,Jul,Oct"
653,4,Thu,31/01/13,5902,510,Yes,No,No,No,D,Extended,Yes,7520,Far,01/07/14,Yes,45,2009,"Feb,May,Aug,Nov"
653,1,Mon,01/09/14,8221,640,Yes,Yes,No,No,D,Extended,Yes,7520,Far,01/07/14,Yes,45,2009,"Feb,May,Aug,Nov"
653,6,Sat,25/04/15,4677,392,Yes,No,No,No,D,Extended,Yes,7520,Far,01/07/14,Yes,45,2009,"Feb,May,Aug,Nov"
653,4,Thu,13/07/25,4501,397,Yes,No,No,Yes,D,Extended,Yes,7520,Far,01/07/14,Yes,45,2009,"Feb,May,Aug,Nov"
656,3,Wed,24/04/13,3445,405,Yes,Yes,No,No,D,Basic,Yes,410,Far,01/04/09,Yes,13,2010,"Jan,Apr,Jul,Oct"
656,1,Mon,02/11/13,2252,335,Yes,No,No,No,D,Basic,Yes,410,Medium,01/04/09,Yes,13,2010,"Jan,Apr,Jul,Oct"
656,2,Tue,01/04/14,3617,460,Yes,Yes,No,No,D,Basic,Yes,410,Medium,01/04/09,Yes,13,2010,"Jan,Apr,Jul,Oct"
656,3,Wed,17/12/14,3692,373,Yes,Yes,No,No,D,Basic,Yes,410,Medium,01/04/09,Yes,13,2010,"Jan,Apr,Jul,Oct"
656,4,Thu,14/11/27,3628,391,Yes,Yes,No,No,D,Basic,Yes,410,Medium,01/04/09,Yes,13,2010,"Jan,Apr,Jul,Oct"
657,5,Fri,04/01/13,4641,706,Yes,No,No,Yes,C,Extended,Yes,80,Medium,01/01/06,Yes,10,2014,"Jan,Apr,Jul,Oct"
657,6,Sat,14/12/13,6165,791,Yes,No,No,No,C,Extended,Yes,80,Medium,01/01/06,Yes,10,2014,"Jan,Apr,Jul,Oct"
657,1,Mon,31/03/14,15610,1453,Yes,Yes,No,No,C,Extended,Yes,80,Medium,01/01/06,Yes,10,2014,"Jan,Apr,Jul,Oct"
657,2,Tue,21/04/15,5558,831,Yes,No,No,No,C,Extended,Yes,80,Medium,01/01/06,Yes,10,2014,"Jan,Apr,Jul,Oct"
660,4,Thu,15/03/05,4999,534,Yes,Yes,No,No,A,Basic,Yes,1200,Far,01/11/06,Yes,40,2014,"Jan,Apr,Jul,Oct"
665,1,Mon,18/02/13,12440,1623,Yes,Yes,No,No,A,Basic,Yes,90,Far,01/12/12,Yes,14,2011,"Jan,Apr,Jul,Oct"
665,4,Thu,20/03/14,7803,1228,Yes,Yes,No,No,A,Basic,Yes,90,Far,01/12/12,Yes,14,2011,"Jan,Apr,Jul,Oct"
665,2,Tue,29/04/14,11860,1546,Yes,Yes,No,No,A,Basic,Yes,90,Medium,01/12/12,Yes,14,2011,"Jan,Apr,Jul,Oct"
665,2,Tue,20/05/14,9742,1449,Yes,Yes,No,No,A,Basic,Yes,90,Far,01/12/12,Yes,14,2011,"Jan,Apr,Jul,Oct"
669,3,Wed,15/05/06,5330,394,Yes,Yes,No,No,D,Basic,Yes,17080,Far,01/07/12,Yes,31,2013,"Jan,Apr,Jul,Oct"
669,5,Fri,23/05/14,5414,449,Yes,Yes,No,No,D,Basic,Yes,17080,Far,01/07/12,Yes,31,2013,"Jan,Apr,Jul,Oct"
669,1,Mon,03/02/15,5488,402,Yes,Yes,No,No,D,Basic,Yes,17080,Far,01/07/12,Yes,31,2013,"Jan,Apr,Jul,Oct"
671,6,Sat,28/12/13,5494,525,Yes,No,No,No,A,Extended,Yes,2070,Far,01/02/08,Yes,39,2010,"Jan,Apr,Jul,Oct"
671,1,Mon,13/01/14,5288,566,Yes,No,No,No,A,Extended,Yes,2070,Far,01/02/08,Yes,39,2010,"Jan,Apr,Jul,Oct"
671,5,Fri,02/01/15,5794,503,Yes,No,No,Yes,A,Extended,Yes,2070,Far,01/02/08,Yes,39,2010,"Jan,Apr,Jul,Oct"
671,6,Sat,07/02/15,6132,540,Yes,No,No,No,A,Extended,Yes,2070,Far,01/02/08,Yes,39,2010,"Jan,Apr,Jul,Oct"
674,2,Tue,14/05/13,9033,1064,Yes,Yes,No,No,A,Basic,Yes,2640,Far,01/12/05,Yes,31,2013,"Feb,May,Aug,Nov"
674,2,Tue,12/10/13,7161,883,Yes,No,No,No,A,Basic,Yes,2640,Far,01/12/05,Yes,31,2013,"Feb,May,Aug,Nov"
674,1,Mon,25/11/13,6611,955,Yes,No,No,No,A,Basic,Yes,2640,Far,01/12/05,Yes,31,2013,"Feb,May,Aug,Nov"
674,1,Mon,09/02/15,7150,807,Yes,No,No,No,A,Basic,Yes,2640,Far,01/12/05,Yes,31,2013,"Feb,May,Aug,Nov"
674,1,Mon,15/06/15,12305,1309,Yes,Yes,No,No,A,Basic,Yes,2640,Far,01/12/05,Yes,31,2013,"Feb,May,Aug,Nov"
674,5,Fri,14/04/25,7773,1133,Yes,No,No,Yes,A,Basic,Yes,2640,Far,01/12/05,Yes,31,2013,"Feb,May,Aug,Nov"
674,3,Wed,13/03/27,10737,1418,Yes,Yes,No,Yes,A,Basic,Yes,2640,Far,01/12/05,Yes,31,2013,"Feb,May,Aug,Nov"
674,1,Mon,15/04/27,11253,1160,Yes,Yes,No,No,A,Basic,Yes,2640,Far,01/12/05,Yes,31,2013,"Feb,May,Aug,Nov"
675,5,Fri,08/11/13,5105,511,Yes,Yes,No,No,A,Basic,Yes,2100,Far,01/08/13,Yes,14,2011,"Jan,Apr,Jul,Oct"
677,5,Fri,22/03/13,8367,679,Yes,Yes,No,No,D,Basic,Yes,1740,Far,01/06/14,Yes,45,2009,"Feb,May,Aug,Nov"
677,5,Fri,19/04/13,7688,628,Yes,No,No,No,D,Basic,Yes,1740,Far,01/06/14,Yes,45,2009,"Feb,May,Aug,Nov"
677,2,Tue,25/06/13,5573,510,Yes,No,No,No,D,Basic,Yes,1740,Far,01/06/14,Yes,45,2009,"Feb,May,Aug,Nov"
677,5,Fri,13/09/13,9392,722,Yes,Yes,No,No,D,Basic,Yes,1740,Far,01/06/14,Yes,45,2009,"Feb,May,Aug,Nov"
685,4,Thu,14/06/05,6704,586,Yes,Yes,No,No,A,Basic,Yes,650,Far,01/11/13,Yes,37,2009,"Jan,Apr,Jul,Oct"
685,3,Wed,27/02/13,6296,672,Yes,No,No,No,A,Basic,Yes,650,Far,01/11/13,Yes,37,2009,"Jan,Apr,Jul,Oct"
685,1,Mon,14/03/31,10839,871,Yes,Yes,No,No,A,Basic,Yes,650,Far,01/11/13,Yes,37,2009,"Jan,Apr,Jul,Oct"
688,6,Sat,26/10/13,1435,155,Yes,No,No,No,A,Basic,Yes,18760,Far,01/08/15,Yes,14,2011,"Jan,Apr,Jul,Oct"
688,5,Fri,31/01/14,3473,419,Yes,No,No,No,A,Basic,Yes,18760,Far,01/08/15,Yes,14,2011,"Jan,Apr,Jul,Oct"
688,4,Thu,26/06/14,3054,383,Yes,No,No,No,A,Basic,Yes,18760,Far,01/08/15,Yes,14,2011,"Jan,Apr,Jul,Oct"
688,6,Sat,13/11/23,1411,147,Yes,No,No,No,A,Basic,Yes,18760,Medium,01/08/15,Yes,14,2011,"Jan,Apr,Jul,Oct"
694,5,Fri,13/04/05,6063,609,Yes,No,No,Yes,A,Extended,Yes,460,Medium,01/11/12,Yes,40,2014,"Jan,Apr,Jul,Oct"
694,5,Fri,08/09/13,5567,536,Yes,No,No,Yes,A,Extended,Yes,460,Medium,01/11/12,Yes,40,2014,"Jan,Apr,Jul,Oct"
694,4,Thu,15/05/14,6085,671,Yes,No,No,No,A,Extended,Yes,460,Medium,01/11/12,Yes,40,2014,"Jan,Apr,Jul,Oct"
694,3,Wed,04/03/15,8671,775,Yes,Yes,No,No,A,Extended,Yes,460,Far,01/11/12,Yes,40,2014,"Jan,Apr,Jul,Oct"
694,6,Sat,15/04/25,8705,837,Yes,No,No,No,A,Extended,Yes,460,Far,01/11/12,Yes,40,2014,"Jan,Apr,Jul,Oct"
701,4,Thu,08/08/13,3604,443,Yes,No,No,Yes,D,Basic,Yes,1450,Far,01/03/12,Yes,14,2011,"Jan,Apr,Jul,Oct"
701,3,Wed,18/09/13,3228,446,Yes,No,No,No,D,Basic,Yes,1450,Far,01/03/12,Yes,14,2011,"Jan,Apr,Jul,Oct"
701,1,Mon,19/01/15,4595,598,Yes,No,No,No,D,Basic,Yes,1450,Far,01/03/12,Yes,14,2011,"Jan,Apr,Jul,Oct"
701,6,Sat,07/04/15,4344,541,Yes,No,No,No,D,Basic,Yes,1450,Medium,01/03/12,Yes,14,2011,"Jan,Apr,Jul,Oct"
702,3,Wed,27/03/13,6678,500,Yes,Yes,No,Yes,A,Basic,Yes,8550,Medium,01/09/01,Yes,45,2009,"Feb,May,Aug,Nov"
702,1,Mon,20/04/15,3377,304,Yes,No,No,No,A,Basic,Yes,8550,Medium,01/09/01,Yes,45,2009,"Feb,May,Aug,Nov"
702,5,Fri,13/05/24,4086,346,Yes,No,No,Yes,A,Basic,Yes,8550,Medium,01/09/01,Yes,45,2009,"Feb,May,Aug,Nov"
705,4,Thu,08/08/13,6333,808,Yes,No,No,Yes,A,Basic,Yes,4140,Far,01/09/12,Yes,18,2011,"Feb,May,Aug,Nov"
705,5,Fri,25/04/14,6457,867,Yes,No,No,Yes,A,Basic,Yes,4140,Medium,01/09/12,Yes,18,2011,"Feb,May,Aug,Nov"
705,3,Wed,15/10/14,6458,821,Yes,No,No,Yes,A,Basic,Yes,4140,Medium,01/09/12,Yes,18,2011,"Feb,May,Aug,Nov"
705,6,Sat,21/03/15,4536,546,Yes,No,No,No,A,Basic,Yes,4140,Far,01/09/12,Yes,18,2011,"Feb,May,Aug,Nov"
705,3,Wed,03/04/15,9537,1092,Yes,Yes,No,No,A,Basic,Yes,4140,Far,01/09/12,Yes,18,2011,"Feb,May,Aug,Nov"
706,5,Fri,06/09/13,4672,486,Yes,No,No,Yes,D,Basic,Yes,7830,Far,01/09/14,Yes,10,2014,"Mar,Jun,Sept,Dec"
706,5,Fri,27/09/13,6027,572,Yes,Yes,No,No,D,Basic,Yes,7830,Medium,01/09/14,Yes,10,2014,"Mar,Jun,Sept,Dec"
706,1,Mon,14/10/13,4319,430,Yes,No,No,No,D,Basic,Yes,7830,Far,01/09/14,Yes,10,2014,"Mar,Jun,Sept,Dec"
706,6,Sat,22/03/14,6131,566,Yes,No,No,No,D,Basic,Yes,7830,Medium,01/09/14,Yes,10,2014,"Mar,Jun,Sept,Dec"
706,3,Wed,30/04/14,8342,699,Yes,Yes,No,No,D,Basic,Yes,7830,Far,01/09/14,Yes,10,2014,"Mar,Jun,Sept,Dec"
706,2,Tue,27/01/15,4687,389,Yes,Yes,No,No,D,Basic,Yes,7830,Medium,01/09/14,Yes,10,2014,"Mar,Jun,Sept,Dec"
706,6,Sat,13/02/16,6297,556,Yes,No,No,No,D,Basic,Yes,7830,Far,01/09/14,Yes,10,2014,"Mar,Jun,Sept,Dec"
708,4,Thu,12/05/13,5600,574,Yes,Yes,No,No,C,Extended,Yes,11470,Far,01/10/09,Yes,18,2014,"Jan,Apr,Jul,Oct"
708,4,Thu,18/07/13,4146,460,Yes,Yes,No,Yes,C,Extended,Yes,11470,Medium,01/10/09,Yes,18,2014,"Jan,Apr,Jul,Oct"
708,4,Thu,15/01/29,5748,529,Yes,Yes,No,No,C,Extended,Yes,11470,Far,01/10/09,Yes,18,2014,"Jan,Apr,Jul,Oct"
710,5,Fri,18/10/13,3758,317,Yes,No,No,No,D,Basic,Yes,1500,Far,01/09/08,Yes,14,2011,"Jan,Apr,Jul,Oct"
711,1,Mon,12/02/13,11344,668,Yes,Yes,No,No,D,Basic,Yes,17110,Medium,01/03/07,Yes,5,2010,"Jan,Apr,Jul,Oct"
711,3,Wed,13/03/13,5068,425,Yes,No,No,No,D,Basic,Yes,17110,Far,01/03/07,Yes,5,2010,"Jan,Apr,Jul,Oct"
712,5,Fri,03/01/13,6719,580,Yes,No,No,No,A,Basic,Yes,4870,Medium,01/09/07,Yes,45,2009,"Jan,Apr,Jul,Oct"
714,5,Fri,10/05/13,4612,353,Yes,No,No,No,D,Extended,Yes,12070,Far,01/10/05,Yes,10,2013,"Jan,Apr,Jul,Oct"
714,4,Thu,20/06/13,3462,245,Yes,Yes,No,No,D,Extended,Yes,12070,Far,01/10/05,Yes,10,2013,"Jan,Apr,Jul,Oct"
716,4,Thu,27/06/13,4927,389,Yes,No,No,No,D,Basic,Yes,3200,Far,01/01/08,Yes,22,2011,"Jan,Apr,Jul,Oct"
716,2,Tue,27/01/15,4443,349,Yes,Yes,No,No,D,Basic,Yes,3200,Medium,01/01/08,Yes,22,2011,"Jan,Apr,Jul,Oct"
716,5,Fri,14/01/24,6569,483,Yes,Yes,No,No,D,Basic,Yes,3200,Medium,01/01/08,Yes,22,2011,"Jan,Apr,Jul,Oct"
720,3,Wed,15/05/13,7956,818,Yes,No,No,No,A,Extended,Yes,15320,Medium,01/03/11,Yes,14,2013,"Feb,May,Aug,Nov"
720,2,Tue,21/05/13,6454,752,Yes,No,No,No,A,Extended,Yes,15320,Medium,01/03/11,Yes,14,2013,"Feb,May,Aug,Nov"
720,2,Tue,24/06/14,4568,540,Yes,No,No,No,A,Extended,Yes,15320,Far,01/03/11,Yes,14,2013,"Feb,May,Aug,Nov"
720,4,Thu,31/07/14,10515,871,Yes,Yes,No,Yes,A,Extended,Yes,15320,Far,01/03/11,Yes,14,2013,"Feb,May,Aug,Nov"
721,5,Fri,21/06/13,9305,880,Yes,Yes,No,No,A,Extended,Yes,3590,Far,01/09/12,Yes,22,2012,"Mar,Jun,Sept,Dec"
721,2,Tue,30/07/13,8639,743,Yes,Yes,No,Yes,A,Extended,Yes,3590,Medium,01/09/12,Yes,22,2012,"Mar,Jun,Sept,Dec"
721,6,Sat,08/02/14,7482,778,Yes,No,No,No,A,Extended,Yes,3590,Far,01/09/12,Yes,22,2012,"Mar,Jun,Sept,Dec"
721,5,Fri,14/02/14,7274,775,Yes,No,No,No,A,Extended,Yes,3590,Far,01/09/12,Yes,22,2012,"Mar,Jun,Sept,Dec"
721,5,Fri,24/04/15,6661,692,Yes,No,No,No,A,Extended,Yes,3590,Far,01/09/12,Yes,22,2012,"Mar,Jun,Sept,Dec"
721,3,Wed,15/07/15,8305,737,Yes,Yes,No,No,A,Extended,Yes,3590,Far,01/09/12,Yes,22,2012,"Mar,Jun,Sept,Dec"
723,1,Mon,13/11/11,4744,468,Yes,No,No,No,D,Extended,Yes,5650,Far,01/09/08,Yes,5,2013,"Feb,May,Aug,Nov"
723,4,Thu,19/12/13,9580,727,Yes,Yes,No,No,D,Extended,Yes,5650,Far,01/09/08,Yes,5,2013,"Feb,May,Aug,Nov"
723,6,Sat,18/10/14,7126,622,Yes,No,No,No,D,Extended,Yes,5650,Far,01/09/08,Yes,5,2013,"Feb,May,Aug,Nov"
723,1,Mon,05/12/14,5472,504,Yes,No,No,No,D,Extended,Yes,5650,Medium,01/09/08,Yes,5,2013,"Feb,May,Aug,Nov"
723,5,Fri,02/06/15,8991,685,Yes,Yes,No,No,D,Extended,Yes,5650,Far,01/09/08,Yes,5,2013,"Feb,May,Aug,Nov"
737,1,Mon,21/01/13,7619,1059,Yes,Yes,No,No,A,Basic,Yes,100,Far,01/05/07,Yes,31,2013,"Jan,Apr,Jul,Oct"
737,3,Wed,15/10/14,4401,725,Yes,No,No,Yes,A,Basic,Yes,100,Far,01/05/07,Yes,31,2013,"Jan,Apr,Jul,Oct"
737,1,Mon,15/12/14,12707,1402,Yes,Yes,No,No,A,Basic,Yes,100,Far,01/05/07,Yes,31,2013,"Jan,Apr,Jul,Oct"
737,3,Wed,18/03/15,6836,979,Yes,Yes,No,No,A,Basic,Yes,100,Far,01/05/07,Yes,31,2013,"Jan,Apr,Jul,Oct"
737,2,Tue,23/06/15,4641,748,Yes,No,No,No,A,Basic,Yes,100,Medium,01/05/07,Yes,31,2013,"Jan,Apr,Jul,Oct"
737,4,Thu,14/01/16,4790,760,Yes,No,No,No,A,Basic,Yes,100,Far,01/05/07,Yes,31,2013,"Jan,Apr,Jul,Oct"
739,6,Sat,15/02/14,7815,699,Yes,No,No,No,D,Extended,Yes,2770,Far,01/06/08,Yes,22,2011,"Jan,Apr,Jul,Oct"
739,5,Fri,29/05/15,10755,813,Yes,No,No,Yes,D,Extended,Yes,2770,Medium,01/06/08,Yes,22,2011,"Jan,Apr,Jul,Oct"
739,3,Wed,08/07/15,10053,819,Yes,No,No,No,D,Extended,Yes,2770,Medium,01/06/08,Yes,22,2011,"Jan,Apr,Jul,Oct"
739,1,Mon,13/11/25,6665,613,Yes,No,No,No,D,Extended,Yes,2770,Far,01/06/08,Yes,22,2011,"Jan,Apr,Jul,Oct"
739,5,Fri,13/04/26,7899,654,Yes,Yes,No,No,D,Extended,Yes,2770,Far,01/06/08,Yes,22,2011,"Jan,Apr,Jul,Oct"
743,2,Tue,08/06/13,2763,355,Yes,No,No,Yes,A,Basic,Yes,6710,Far,01/11/03,Yes,14,2012,"Jan,Apr,Jul,Oct"
743,5,Fri,25/07/14,3612,438,Yes,No,No,Yes,A,Basic,Yes,6710,Far,01/11/03,Yes,14,2012,"Jan,Apr,Jul,Oct"
743,5,Fri,07/10/15,4134,448,Yes,No,No,No,A,Basic,Yes,6710,Far,01/11/03,Yes,14,2012,"Jan,Apr,Jul,Oct"
744,6,Sat,09/03/13,6975,820,Yes,No,No,No,A,Basic,Yes,1370,Medium,01/12/11,Yes,40,2014,"Jan,Apr,Jul,Oct"
744,1,Mon,01/06/15,10068,949,Yes,Yes,No,Yes,A,Basic,Yes,1370,Medium,01/12/11,Yes,40,2014,"Jan,Apr,Jul,Oct"
744,4,Thu,23/07/15,6672,762,Yes,No,No,No,A,Basic,Yes,1370,Medium,01/12/11,Yes,40,2014,"Jan,Apr,Jul,Oct"
744,2,Tue,28/07/15,9000,860,Yes,Yes,No,No,A,Basic,Yes,1370,Far,01/12/11,Yes,40,2014,"Jan,Apr,Jul,Oct"
745,6,Sat,20/07/13,3487,366,Yes,No,No,No,A,Basic,Yes,17650,Far,01/11/13,Yes,37,2009,"Jan,Apr,Jul,Oct"
745,1,Mon,07/04/14,5830,606,Yes,No,No,No,A,Basic,Yes,17650,Far,01/11/13,Yes,37,2009,"Jan,Apr,Jul,Oct"
746,2,Tue,13/09/03,3433,377,Yes,No,No,No,D,Extended,Yes,4330,Far,01/02/11,Yes,35,2011,"Mar,Jun,Sept,Dec"
746,1,Mon,15/07/06,5410,505,Yes,No,No,No,D,Extended,Yes,4330,Medium,01/02/11,Yes,35,2011,"Mar,Jun,Sept,Dec"
746,5,Fri,04/05/13,4547,441,Yes,No,No,Yes,D,Extended,Yes,4330,Far,01/02/11,Yes,35,2011,"Mar,Jun,Sept,Dec"
746,2,Tue,15/10/13,3795,335,Yes,No,No,Yes,D,Extended,Yes,4330,Medium,01/02/11,Yes,35,2011,"Mar,Jun,Sept,Dec"
746,1,Mon,25/11/13,5958,482,Yes,No,No,No,D,Extended,Yes,4330,Far,01/02/11,Yes,35,2011,"Mar,Jun,Sept,Dec"
748,2,Tue,13/07/09,4089,405,Yes,No,No,No,D,Basic,Yes,2380,Medium,01/03/10,Yes,14,2011,"Jan,Apr,Jul,Oct"
748,3,Wed,10/07/13,3749,376,Yes,No,No,No,D,Basic,Yes,2380,Medium,01/03/10,Yes,14,2011,"Jan,Apr,Jul,Oct"
748,1,Mon,09/08/14,4314,397,Yes,No,No,No,D,Basic,Yes,2380,Far,01/03/10,Yes,14,2011,"Jan,Apr,Jul,Oct"
748,3,Wed,27/05/15,4285,376,Yes,No,No,No,D,Basic,Yes,2380,Medium,01/03/10,Yes,14,2011,"Jan,Apr,Jul,Oct"
749,4,Thu,14/07/03,6646,763,Yes,Yes,No,No,A,Basic,Yes,3410,Medium,01/08/11,Yes,14,2015,"Jan,Apr,Jul,Oct"
749,2,Tue,14/03/04,7203,785,Yes,Yes,No,No,A,Basic,Yes,3410,Medium,01/08/11,Yes,14,2015,"Jan,Apr,Jul,Oct"
749,2,Tue,08/10/13,7053,769,Yes,Yes,No,Yes,A,Basic,Yes,3410,Medium,01/08/11,Yes,14,2015,"Jan,Apr,Jul,Oct"
749,3,Wed,18/02/15,5596,680,Yes,Yes,No,No,A,Basic,Yes,3410,Far,01/08/11,Yes,14,2015,"Jan,Apr,Jul,Oct"
750,5,Fri,13/10/18,4166,352,Yes,No,No,No,D,Basic,Yes,8670,Far,01/02/02,Yes,14,2011,"Jan,Apr,Jul,Oct"
752,5,Fri,14/07/04,5909,488,Yes,Yes,No,No,A,Basic,Yes,970,Far,01/03/13,Yes,31,2013,"Feb,May,Aug,Nov"
752,1,Mon,28/01/13,5583,518,Yes,No,No,No,A,Basic,Yes,970,Far,01/03/13,Yes,31,2013,"Feb,May,Aug,Nov"
752,3,Wed,17/06/15,7159,522,Yes,Yes,No,No,A,Basic,Yes,970,Medium,01/03/13,Yes,31,2013,"Feb,May,Aug,Nov"
753,4,Thu,14/03/13,5966,606,Yes,No,No,No,D,Extended,Yes,540,Far,01/11/12,Yes,35,2010,"Mar,Jun,Sept,Dec"
753,3,Wed,14/08/20,9995,854,Yes,Yes,No,No,D,Extended,Yes,540,Far,01/11/12,Yes,35,2010,"Mar,Jun,Sept,Dec"
754,6,Sat,02/02/13,7789,956,Yes,No,No,No,C,Extended,Yes,380,Far,01/05/08,Yes,10,2014,"Mar,Jun,Sept,Dec"
754,1,Mon,09/02/15,6555,874,Yes,No,No,No,C,Extended,Yes,380,Far,01/05/08,Yes,10,2014,"Mar,Jun,Sept,Dec"
754,3,Wed,15/04/15,7721,871,Yes,Yes,No,No,C,Extended,Yes,380,Far,01/05/08,Yes,10,2014,"Mar,Jun,Sept,Dec"
759,2,Tue,05/11/13,9685,906,Yes,Yes,No,No,A,Basic,Yes,110,Far,01/11/12,Yes,31,2013,"Feb,May,Aug,Nov"
759,6,Sat,01/02/14,4891,540,Yes,No,No,No,A,Basic,Yes,110,Far,01/11/12,Yes,31,2013,"Feb,May,Aug,Nov"
759,6,Sat,08/02/14,4694,531,Yes,No,No,No,A,Basic,Yes,110,Far,01/11/12,Yes,31,2013,"Feb,May,Aug,Nov"
759,3,Wed,13/04/17,4929,655,Yes,No,No,No,A,Basic,Yes,110,Far,01/11/12,Yes,31,2013,"Feb,May,Aug,Nov"
765,3,Wed,23/01/13,8644,733,Yes,Yes,No,No,A,Extended,Yes,25430,Medium,01/05/99,Yes,37,2009,"Jan,Apr,Jul,Oct"
765,1,Mon,16/06/14,11603,879,Yes,Yes,No,Yes,A,Extended,Yes,25430,Medium,01/05/99,Yes,37,2009,"Jan,Apr,Jul,Oct"
765,3,Wed,17/06/15,9120,727,Yes,Yes,No,No,A,Extended,Yes,25430,Medium,01/05/99,Yes,37,2009,"Jan,Apr,Jul,Oct"
776,5,Fri,15/03/13,3856,503,Yes,No,No,No,C,Basic,Yes,700,Far,01/04/09,Yes,14,2011,"Jan,Apr,Jul,Oct"
776,4,Thu,09/12/13,4686,550,Yes,Yes,No,No,C,Basic,Yes,700,Far,01/04/09,Yes,14,2011,"Jan,Apr,Jul,Oct"
776,1,Mon,16/06/14,6534,640,Yes,Yes,No,No,C,Basic,Yes,700,Far,01/04/09,Yes,14,2011,"Jan,Apr,Jul,Oct"
777,1,Mon,03/11/13,3396,314,Yes,No,No,No,D,Extended,Yes,8250,Medium,01/10/04,Yes,10,2013,"Mar,Jun,Sept,Dec"
784,4,Thu,24/04/14,6766,784,Yes,No,No,Yes,A,Basic,Yes,560,Medium,01/10/14,Yes,10,2014,"Jan,Apr,Jul,Oct"
784,2,Tue,08/12/14,6994,845,Yes,No,No,Yes,A,Basic,Yes,560,Far,01/10/14,Yes,10,2014,"Jan,Apr,Jul,Oct"
786,1,Mon,25/02/13,2029,378,Yes,No,No,No,A,Basic,Yes,290,Medium,01/11/06,Yes,5,2013,"Feb,May,Aug,Nov"
786,1,Mon,15/07/13,6188,827,Yes,Yes,No,Yes,A,Basic,Yes,290,Far,01/11/06,Yes,5,2013,"Feb,May,Aug,Nov"
786,2,Tue,30/07/13,5139,728,Yes,Yes,No,Yes,A,Basic,Yes,290,Far,01/11/06,Yes,5,2013,"Feb,May,Aug,Nov"
786,5,Fri,30/01/15,4659,668,Yes,Yes,No,No,A,Basic,Yes,290,Medium,01/11/06,Yes,5,2013,"Feb,May,Aug,Nov"
792,3,Wed,29/01/14,5113,587,Yes,No,No,No,D,Basic,Yes,17280,Far,01/10/09,Yes,18,2011,"Feb,May,Aug,Nov"
792,3,Wed,11/12/14,8028,697,Yes,Yes,No,No,D,Basic,Yes,17280,Far,01/10/09,Yes,18,2011,"Feb,May,Aug,Nov"
797,6,Sat,10/12/13,3190,343,Yes,No,No,No,A,Basic,Yes,2090,Medium,01/10/12,Yes,40,2014,"Jan,Apr,Jul,Oct"
805,5,Fri,19/07/13,7494,702,Yes,Yes,No,No,D,Basic,Yes,24770,Far,01/10/11,Yes,10,2014,"Mar,Jun,Sept,Dec"
805,4,Thu,16/01/14,3843,438,Yes,No,No,No,D,Basic,Yes,24770,Far,01/10/11,Yes,10,2014,"Mar,Jun,Sept,Dec"
805,4,Thu,10/04/14,4018,429,Yes,No,No,No,D,Basic,Yes,24770,Medium,01/10/11,Yes,10,2014,"Mar,Jun,Sept,Dec"
805,6,Sat,15/02/21,4340,443,Yes,No,No,No,D,Basic,Yes,24770,Far,01/10/11,Yes,10,2014,"Mar,Jun,Sept,Dec"
815,3,Wed,03/04/13,8180,868,Yes,No,No,Yes,A,Basic,Yes,590,Medium,01/01/00,Yes,40,2014,"Jan,Apr,Jul,Oct"
815,2,Tue,20/01/15,5339,531,Yes,No,No,No,A,Basic,Yes,590,Medium,01/01/00,Yes,40,2014,"Jan,Apr,Jul,Oct"
815,5,Fri,06/03/15,6835,660,Yes,Yes,No,No,A,Basic,Yes,590,Medium,01/01/00,Yes,40,2014,"Jan,Apr,Jul,Oct"
822,1,Mon,02/04/13,11146,850,Yes,Yes,No,No,A,Extended,Yes,410,Far,01/11/10,Yes,48,2010,"Mar,Jun,Sept,Dec"
822,5,Fri,01/03/14,7024,638,Yes,No,No,Yes,A,Extended,Yes,410,Far,01/11/10,Yes,48,2010,"Mar,Jun,Sept,Dec"
822,6,Sat,07/06/14,6355,609,Yes,No,No,No,A,Extended,Yes,410,Far,01/11/10,Yes,48,2010,"Mar,Jun,Sept,Dec"
822,2,Tue,14/10/14,4878,442,Yes,No,No,Yes,A,Extended,Yes,410,Far,01/11/10,Yes,48,2010,"Mar,Jun,Sept,Dec"
822,1,Mon,08/11/14,7492,623,Yes,No,No,Yes,A,Extended,Yes,410,Far,01/11/10,Yes,48,2010,"Mar,Jun,Sept,Dec"
822,4,Thu,19/03/15,6724,556,Yes,Yes,No,No,A,Extended,Yes,410,Far,01/11/10,Yes,48,2010,"Mar,Jun,Sept,Dec"
822,6,Sat,13/06/15,6986,672,Yes,No,No,No,A,Extended,Yes,410,Medium,01/11/10,Yes,48,2010,"Mar,Jun,Sept,Dec"
822,3,Wed,24/06/15,4724,414,Yes,No,No,No,A,Extended,Yes,410,Far,01/11/10,Yes,48,2010,"Mar,Jun,Sept,Dec"
822,4,Thu,14/02/27,5611,483,Yes,No,No,No,A,Extended,Yes,410,Far,01/11/10,Yes,48,2010,"Mar,Jun,Sept,Dec"
825,2,Tue,06/11/13,3859,471,Yes,No,No,No,A,Basic,Yes,380,Far,01/05/11,Yes,40,2014,"Jan,Apr,Jul,Oct"
825,4,Thu,20/02/14,4587,518,Yes,Yes,No,No,A,Basic,Yes,380,Medium,01/05/11,Yes,40,2014,"Jan,Apr,Jul,Oct"
825,3,Wed,28/01/15,6325,618,Yes,Yes,No,No,A,Basic,Yes,380,Far,01/05/11,Yes,40,2014,"Jan,Apr,Jul,Oct"
833,1,Mon,05/12/14,4565,484,Yes,No,No,No,D,Extended,Yes,3290,Medium,01/12/99,Yes,35,2010,"Mar,Jun,Sept,Dec"
835,5,Fri,29/11/13,5890,737,Yes,No,No,No,A,Basic,Yes,2890,Medium,01/12/07,Yes,10,2014,"Mar,Jun,Sept,Dec"
835,3,Wed,02/07/14,5935,677,Yes,Yes,No,No,A,Basic,Yes,2890,Far,01/12/07,Yes,10,2014,"Mar,Jun,Sept,Dec"
835,6,Sat,06/06/15,4392,519,Yes,No,No,No,A,Basic,Yes,2890,Medium,01/12/07,Yes,10,2014,"Mar,Jun,Sept,Dec"
835,2,Tue,13/05/28,5374,699,Yes,Yes,No,No,A,Basic,Yes,2890,Far,01/12/07,Yes,10,2014,"Mar,Jun,Sept,Dec"
845,2,Tue,25/06/13,3917,295,Yes,No,No,No,D,Basic,Yes,7860,Far,01/11/05,Yes,14,2011,"Jan,Apr,Jul,Oct"
846,3,Wed,15/03/04,9304,777,Yes,Yes,No,No,A,Extended,Yes,8860,Medium,01/04/04,Yes,37,2009,"Jan,Apr,Jul,Oct"
846,1,Mon,13/08/12,12680,1049,Yes,Yes,No,Yes,A,Extended,Yes,8860,Far,01/04/04,Yes,37,2009,"Jan,Apr,Jul,Oct"
846,2,Tue,10/06/14,9439,996,Yes,No,No,Yes,A,Extended,Yes,8860,Medium,01/04/04,Yes,37,2009,"Jan,Apr,Jul,Oct"
846,2,Tue,27/01/15,10543,920,Yes,Yes,No,No,A,Extended,Yes,8860,Far,01/04/04,Yes,37,2009,"Jan,Apr,Jul,Oct"
846,3,Wed,17/06/15,9904,805,Yes,Yes,No,No,A,Extended,Yes,8860,Far,01/04/04,Yes,37,2009,"Jan,Apr,Jul,Oct"
846,1,Mon,14/02/24,6583,769,Yes,No,No,No,A,Extended,Yes,8860,Far,01/04/04,Yes,37,2009,"Jan,Apr,Jul,Oct"
848,2,Tue,07/05/13,5186,670,Yes,No,No,No,A,Extended,Yes,370,Far,01/07/07,Yes,14,2011,"Jan,Apr,Jul,Oct"
848,1,Mon,08/07/13,5588,743,Yes,No,No,No,A,Extended,Yes,370,Far,01/07/07,Yes,14,2011,"Jan,Apr,Jul,Oct"
848,3,Wed,02/04/14,6891,807,Yes,Yes,No,No,A,Extended,Yes,370,Far,01/07/07,Yes,14,2011,"Jan,Apr,Jul,Oct"
848,1,Mon,14/05/26,4586,626,Yes,No,No,No,A,Extended,Yes,370,Far,01/07/07,Yes,14,2011,"Jan,Apr,Jul,Oct"
850,5,Fri,11/10/13,6434,679,Yes,Yes,No,No,D,Basic,Yes,1120,Far,01/05/07,Yes,31,2013,"Jan,Apr,Jul,Oct"
850,2,Tue,24/03/15,4455,512,Yes,No,No,No,D,Basic,Yes,1120,Far,01/05/07,Yes,31,2013,"Jan,Apr,Jul,Oct"
850,5,Fri,24/07/15,4272,476,Yes,No,No,Yes,D,Basic,Yes,1120,Medium,01/05/07,Yes,31,2013,"Jan,Apr,Jul,Oct"
852,2,Tue,14/09/09,3738,587,Yes,No,No,No,C,Basic,Yes,940,Far,01/04/04,Yes,14,2011,"Jan,Apr,Jul,Oct"
852,1,Mon,13/11/11,3602,653,Yes,No,No,No,C,Basic,Yes,940,Medium,01/04/04,Yes,14,2011,"Jan,Apr,Jul,Oct"
852,6,Sat,08/03/13,2828,346,Yes,No,No,Yes,C,Basic,Yes,940,Medium,01/04/04,Yes,14,2011,"Jan,Apr,Jul,Oct"
852,5,Fri,26/04/13,5002,610,Yes,Yes,No,No,C,Basic,Yes,940,Medium,01/04/04,Yes,14,2011,"Jan,Apr,Jul,Oct"
852,4,Thu,03/05/15,5163,667,Yes,Yes,No,No,C,Basic,Yes,940,Medium,01/04/04,Yes,14,2011,"Jan,Apr,Jul,Oct"
852,5,Fri,15/01/16,4890,615,Yes,Yes,No,No,C,Basic,Yes,940,Medium,01/04/04,Yes,14,2011,"Jan,Apr,Jul,Oct"
857,3,Wed,14/04/02,7258,873,Yes,Yes,No,No,C,Basic,Yes,6270,Far,01/08/05,Yes,23,2014,"Mar,Jun,Sept,Dec"
857,6,Sat,26/01/13,8538,1126,Yes,No,No,No,C,Basic,Yes,6270,Far,01/08/05,Yes,23,2014,"Mar,Jun,Sept,Dec"
857,2,Tue,03/02/15,7813,930,Yes,Yes,No,No,C,Basic,Yes,6270,Medium,01/08/05,Yes,23,2014,"Mar,Jun,Sept,Dec"
857,4,Thu,07/02/15,8250,893,Yes,Yes,No,No,C,Basic,Yes,6270,Far,01/08/05,Yes,23,2014,"Mar,Jun,Sept,Dec"
862,3,Wed,07/02/14,9304,1181,Yes,Yes,No,No,A,Extended,Yes,2840,Far,01/03/10,Yes,14,2011,"Jan,Apr,Jul,Oct"
862,3,Wed,04/01/15,11098,1160,Yes,Yes,No,Yes,A,Extended,Yes,2840,Far,01/03/10,Yes,14,2011,"Jan,Apr,Jul,Oct"
864,1,Mon,14/07/07,4363,629,Yes,No,No,No,A,Basic,Yes,1020,Far,01/10/12,Yes,45,2009,"Feb,May,Aug,Nov"
864,4,Thu,20/03/14,4521,639,Yes,Yes,No,No,A,Basic,Yes,1020,Far,01/10/12,Yes,45,2009,"Feb,May,Aug,Nov"
868,4,Thu,08/07/14,9164,630,Yes,Yes,No,Yes,D,Extended,Yes,1360,Far,01/08/05,Yes,10,2014,"Jan,Apr,Jul,Oct"
868,3,Wed,01/08/14,8354,573,Yes,Yes,No,Yes,D,Extended,Yes,1360,Medium,01/08/05,Yes,10,2014,"Jan,Apr,Jul,Oct"
868,3,Wed,17/12/14,12218,740,Yes,Yes,No,No,D,Extended,Yes,1360,Medium,01/08/05,Yes,10,2014,"Jan,Apr,Jul,Oct"
868,4,Thu,01/08/15,8970,575,Yes,Yes,No,Yes,D,Extended,Yes,1360,Far,01/08/05,Yes,10,2014,"Jan,Apr,Jul,Oct"
869,6,Sat,14/07/12,3255,525,Yes,No,No,No,C,Basic,Yes,230,Far,01/10/01,Yes,14,2011,"Jan,Apr,Jul,Oct"
869,4,Thu,03/01/13,4636,828,Yes,No,No,No,C,Basic,Yes,230,Far,01/10/01,Yes,14,2011,"Jan,Apr,Jul,Oct"
869,3,Wed,13/02/13,4433,780,Yes,No,No,Yes,C,Basic,Yes,230,Far,01/10/01,Yes,14,2011,"Jan,Apr,Jul,Oct"
869,5,Fri,17/05/13,6775,1056,Yes,Yes,No,No,C,Basic,Yes,230,Medium,01/10/01,Yes,14,2011,"Jan,Apr,Jul,Oct"
869,6,Sat,21/09/13,3378,560,Yes,No,No,No,C,Basic,Yes,230,Medium,01/10/01,Yes,14,2011,"Jan,Apr,Jul,Oct"
869,1,Mon,07/04/14,5157,818,Yes,No,No,No,C,Basic,Yes,230,Medium,01/10/01,Yes,14,2011,"Jan,Apr,Jul,Oct"
869,1,Mon,03/10/14,4614,780,Yes,No,No,No,C,Basic,Yes,230,Far,01/10/01,Yes,14,2011,"Jan,Apr,Jul,Oct"
869,1,Mon,27/10/14,5280,850,Yes,No,No,Yes,C,Basic,Yes,230,Medium,01/10/01,Yes,14,2011,"Jan,Apr,Jul,Oct"
872,4,Thu,14/03/13,8268,816,Yes,No,No,No,A,Extended,Yes,3860,Far,01/09/14,Yes,23,2015,"Mar,Jun,Sept,Dec"
872,4,Thu,19/09/13,6440,789,Yes,No,No,No,A,Extended,Yes,3860,Medium,01/09/14,Yes,23,2015,"Mar,Jun,Sept,Dec"
872,6,Sat,19/10/13,6778,644,Yes,No,No,No,A,Extended,Yes,3860,Far,01/09/14,Yes,23,2015,"Mar,Jun,Sept,Dec"
872,2,Tue,10/07/14,7375,650,Yes,Yes,No,Yes,A,Extended,Yes,3860,Far,01/09/14,Yes,23,2015,"Mar,Jun,Sept,Dec"
872,4,Thu,26/02/15,7064,732,Yes,No,No,No,A,Extended,Yes,3860,Far,01/09/14,Yes,23,2015,"Mar,Jun,Sept,Dec"
875,4,Thu,13/12/05,8663,693,Yes,Yes,No,No,D,Basic,Yes,5070,Far,01/11/07,Yes,18,2015,"Feb,May,Aug,Nov"
875,4,Thu,20/06/13,5386,502,Yes,Yes,No,No,D,Basic,Yes,5070,Far,01/11/07,Yes,18,2015,"Feb,May,Aug,Nov"
875,2,Tue,11/03/14,3613,406,Yes,No,No,No,D,Basic,Yes,5070,Far,01/11/07,Yes,18,2015,"Feb,May,Aug,Nov"
875,2,Tue,15/04/14,6427,561,Yes,Yes,No,Yes,D,Basic,Yes,5070,Far,01/11/07,Yes,18,2015,"Feb,May,Aug,Nov"
875,3,Wed,02/07/14,5885,528,Yes,Yes,No,No,D,Basic,Yes,5070,Far,01/11/07,Yes,18,2015,"Feb,May,Aug,Nov"
876,4,Thu,18/07/13,10732,1267,Yes,Yes,No,Yes,A,Basic,Yes,21790,Medium,01/04/05,Yes,18,2015,"Feb,May,Aug,Nov"
881,4,Thu,14/12/11,3732,515,Yes,No,No,No,A,Basic,Yes,180,Far,01/03/08,Yes,31,2013,"Feb,May,Aug,Nov"
881,2,Tue,22/01/13,4761,694,Yes,Yes,No,No,A,Basic,Yes,180,Far,01/03/08,Yes,31,2013,"Feb,May,Aug,Nov"
881,6,Sat,02/02/13,2362,390,Yes,No,No,No,A,Basic,Yes,180,Far,01/03/08,Yes,31,2013,"Feb,May,Aug,Nov"
881,2,Tue,07/02/13,5781,865,Yes,Yes,No,No,A,Basic,Yes,180,Medium,01/03/08,Yes,31,2013,"Feb,May,Aug,Nov"
881,2,Tue,14/05/13,3555,571,Yes,No,No,No,A,Basic,Yes,180,Medium,01/03/08,Yes,31,2013,"Feb,May,Aug,Nov"
881,3,Wed,18/03/15,4745,721,Yes,Yes,No,No,A,Basic,Yes,180,Medium,01/03/08,Yes,31,2013,"Feb,May,Aug,Nov"
888,5,Fri,19/04/13,6798,693,Yes,No,No,No,D,Basic,Yes,4450,Far,01/06/12,Yes,35,2012,"Mar,Jun,Sept,Dec"
888,3,Wed,02/10/13,7129,701,Yes,No,No,No,D,Basic,Yes,4450,Medium,01/06/12,Yes,35,2012,"Mar,Jun,Sept,Dec"
888,5,Fri,02/07/14,8966,832,Yes,Yes,No,No,D,Basic,Yes,4450,Medium,01/06/12,Yes,35,2012,"Mar,Jun,Sept,Dec"
888,6,Sat,27/12/14,8739,880,Yes,No,No,No,D,Basic,Yes,4450,Far,01/06/12,Yes,35,2012,"Mar,Jun,Sept,Dec"
897,3,Wed,14/07/02,2766,340,Yes,Yes,No,No,C,Extended,Yes,3290,Far,01/01/07,Yes,5,2013,"Feb,May,Aug,Nov"
897,6,Sat,11/10/14,3752,440,Yes,No,No,No,C,Extended,Yes,3290,Far,01/01/07,Yes,5,2013,"Feb,May,Aug,Nov"
897,2,Tue,14/04/22,2443,295,Yes,No,No,Yes,C,Extended,Yes,3290,Far,01/01/07,Yes,5,2013,"Feb,May,Aug,Nov"
900,1,Mon,09/12/13,6017,578,Yes,No,No,No,A,Basic,Yes,3920,Medium,01/04/05,Yes,40,2014,"Jan,Apr,Jul,Oct"
900,1,Mon,30/03/15,9656,673,Yes,Yes,No,Yes,A,Basic,Yes,3920,Medium,01/04/05,Yes,40,2014,"Jan,Apr,Jul,Oct"
902,4,Thu,31/01/13,4906,631,Yes,No,No,No,A,Basic,Yes,310,Medium,01/05/15,Yes,40,2014,"Jan,Apr,Jul,Oct"
902,2,Tue,18/06/13,6041,687,Yes,Yes,No,No,A,Basic,Yes,310,Far,01/05/15,Yes,40,2014,"Jan,Apr,Jul,Oct"
902,6,Sat,22/02/14,5319,678,Yes,No,No,No,A,Basic,Yes,310,Far,01/05/15,Yes,40,2014,"Jan,Apr,Jul,Oct"
902,2,Tue,02/04/14,5328,719,Yes,Yes,No,No,A,Basic,Yes,310,Medium,01/05/15,Yes,40,2014,"Jan,Apr,Jul,Oct"
904,1,Mon,11/04/13,8411,657,Yes,Yes,No,No,D,Extended,Yes,570,Far,01/07/13,Yes,14,2011,"Jan,Apr,Jul,Oct"
904,6,Sat,30/05/15,5635,462,Yes,No,No,No,D,Extended,Yes,570,Far,01/07/13,Yes,14,2011,"Jan,Apr,Jul,Oct"
908,5,Fri,29/11/13,4282,399,Yes,No,No,No,A,Basic,Yes,1980,Far,01/07/10,Yes,37,2009,"Jan,Apr,Jul,Oct"
908,2,Tue,14/01/14,3038,336,Yes,No,No,No,A,Basic,Yes,1980,Far,01/07/10,Yes,37,2009,"Jan,Apr,Jul,Oct"
908,5,Fri,31/01/14,4196,378,Yes,No,No,No,A,Basic,Yes,1980,Far,01/07/10,Yes,37,2009,"Jan,Apr,Jul,Oct"
908,6,Sat,08/02/14,1886,200,Yes,No,No,No,A,Basic,Yes,1980,Medium,01/07/10,Yes,37,2009,"Jan,Apr,Jul,Oct"
908,6,Sat,18/04/15,2091,242,Yes,No,No,No,A,Basic,Yes,1980,Medium,01/07/10,Yes,37,2009,"Jan,Apr,Jul,Oct"
908,1,Mon,13/12/23,7753,718,Yes,No,No,Yes,A,Basic,Yes,1980,Medium,01/07/10,Yes,37,2009,"Jan,Apr,Jul,Oct"
914,2,Tue,26/02/13,8343,1168,Yes,No,No,No,C,Extended,Yes,2640,Medium,01/04/11,Yes,22,2012,"Mar,Jun,Sept,Dec"
914,3,Wed,07/10/13,7013,895,Yes,No,No,Yes,C,Extended,Yes,2640,Medium,01/04/11,Yes,22,2012,"Mar,Jun,Sept,Dec"
914,1,Mon,18/08/14,13351,1330,Yes,Yes,No,Yes,C,Extended,Yes,2640,Far,01/04/11,Yes,22,2012,"Mar,Jun,Sept,Dec"
915,6,Sat,24/08/13,6322,512,Yes,No,No,No,D,Extended,Yes,650,Far,01/03/13,Yes,40,2014,"Jan,Apr,Jul,Oct"
915,1,Mon,03/03/14,8459,641,Yes,Yes,No,Yes,D,Extended,Yes,650,Far,01/03/13,Yes,40,2014,"Jan,Apr,Jul,Oct"
915,5,Fri,10/07/15,6382,530,Yes,No,No,No,D,Extended,Yes,650,Far,01/03/13,Yes,40,2014,"Jan,Apr,Jul,Oct"
920,1,Mon,23/12/13,8005,721,Yes,No,No,Yes,A,Basic,Yes,850,Far,01/02/12,Yes,40,2014,"Jan,Apr,Jul,Oct"
920,1,Mon,20/01/14,6606,641,Yes,Yes,No,No,A,Basic,Yes,850,Far,01/02/12,Yes,40,2014,"Jan,Apr,Jul,Oct"
920,2,Tue,09/06/15,5354,596,Yes,No,No,No,A,Basic,Yes,850,Far,01/02/12,Yes,40,2014,"Jan,Apr,Jul,Oct"
926,6,Sat,02/09/13,5528,490,Yes,No,No,No,D,Extended,Yes,5150,Far,01/03/11,Yes,13,2010,"Jan,Apr,Jul,Oct"
926,2,Tue,24/12/13,4797,395,Yes,No,No,Yes,D,Extended,Yes,5150,Far,01/03/11,Yes,13,2010,"Jan,Apr,Jul,Oct"
926,1,Mon,15/09/14,10475,681,Yes,Yes,No,No,D,Extended,Yes,5150,Far,01/03/11,Yes,13,2010,"Jan,Apr,Jul,Oct"
926,2,Tue,31/03/15,14540,817,Yes,Yes,No,Yes,D,Extended,Yes,5150,Far,01/03/11,Yes,13,2010,"Jan,Apr,Jul,Oct"
941,1,Mon,21/01/13,5968,632,Yes,Yes,No,No,A,Basic,Yes,1200,Medium,01/12/11,Yes,31,2013,"Jan,Apr,Jul,Oct"
941,2,Tue,30/04/13,6338,705,Yes,Yes,No,No,A,Basic,Yes,1200,Far,01/12/11,Yes,31,2013,"Jan,Apr,Jul,Oct"
941,4,Thu,13/07/25,3965,528,Yes,No,No,No,A,Basic,Yes,1200,Far,01/12/11,Yes,31,2013,"Jan,Apr,Jul,Oct"
946,5,Fri,08/02/13,4493,543,Yes,Yes,No,Yes,A,Basic,Yes,2220,Far,01/12/11,Yes,14,2015,"Jan,Apr,Jul,Oct"
946,1,Mon,15/09/14,5846,693,Yes,Yes,No,No,A,Basic,Yes,2220,Far,01/12/11,Yes,14,2015,"Jan,Apr,Jul,Oct"
946,4,Thu,22/01/15,3192,457,Yes,No,No,No,A,Basic,Yes,2220,Medium,01/12/11,Yes,14,2015,"Jan,Apr,Jul,Oct"
947,2,Tue,26/03/13,9545,1155,Yes,Yes,No,Yes,A,Basic,Yes,460,Medium,01/03/14,Yes,13,2010,"Jan,Apr,Jul,Oct"
947,4,Thu,20/03/14,7425,1050,Yes,Yes,No,No,A,Basic,Yes,460,Far,01/03/14,Yes,13,2010,"Jan,Apr,Jul,Oct"
947,5,Fri,16/05/14,7022,1009,Yes,No,No,No,A,Basic,Yes,460,Medium,01/03/14,Yes,13,2010,"Jan,Apr,Jul,Oct"
953,1,Mon,15/12/14,11414,853,Yes,Yes,No,No,A,Basic,Yes,19830,Far,01/04/06,Yes,22,2011,"Mar,Jun,Sept,Dec"
953,2,Tue,14/08/26,3891,473,Yes,No,No,Yes,A,Basic,Yes,19830,Far,01/04/06,Yes,22,2011,"Mar,Jun,Sept,Dec"
954,2,Tue,13/07/09,5073,742,Yes,No,No,No,A,Basic,Yes,390,Far,01/02/13,Yes,10,2014,"Jan,Apr,Jul,Oct"
954,3,Wed,27/11/13,5750,874,Yes,No,No,No,A,Basic,Yes,390,Far,01/02/13,Yes,10,2014,"Jan,Apr,Jul,Oct"
954,1,Mon,10/02/14,5607,804,Yes,No,No,No,A,Basic,Yes,390,Medium,01/02/13,Yes,10,2014,"Jan,Apr,Jul,Oct"
954,4,Thu,03/04/14,7953,964,Yes,Yes,No,No,A,Basic,Yes,390,Far,01/02/13,Yes,10,2014,"Jan,Apr,Jul,Oct"
954,2,Tue,17/03/15,8267,1010,Yes,Yes,No,No,A,Basic,Yes,390,Far,01/02/13,Yes,10,2014,"Jan,Apr,Jul,Oct"
954,6,Sat,25/07/15,3913,557,Yes,No,No,No,A,Basic,Yes,390,Far,01/02/13,Yes,10,2014,"Jan,Apr,Jul,Oct"
955,2,Tue,16/04/13,2447,276,Yes,No,No,No,D,Extended,Yes,1690,Far,01/07/09,Yes,36,2013,"Mar,Jun,Sept,Dec"
955,3,Wed,24/04/13,3210,351,Yes,Yes,No,No,D,Extended,Yes,1690,Far,01/07/09,Yes,36,2013,"Mar,Jun,Sept,Dec"
955,5,Fri,05/02/14,7885,717,Yes,Yes,No,No,D,Extended,Yes,1690,Medium,01/07/09,Yes,36,2013,"Mar,Jun,Sept,Dec"
956,5,Fri,12/05/14,4954,605,Yes,Yes,No,No,A,Basic,Yes,2330,Medium,01/10/14,Yes,18,2011,"Feb,May,Aug,Nov"
956,2,Tue,15/07/14,4231,539,Yes,Yes,No,Yes,A,Basic,Yes,2330,Medium,01/10/14,Yes,18,2011,"Feb,May,Aug,Nov"
956,5,Fri,15/08/14,3167,443,Yes,No,No,Yes,A,Basic,Yes,2330,Far,01/10/14,Yes,18,2011,"Feb,May,Aug,Nov"
956,2,Tue,02/09/14,5007,641,Yes,Yes,No,No,A,Basic,Yes,2330,Medium,01/10/14,Yes,18,2011,"Feb,May,Aug,Nov"
956,4,Thu,15/06/18,3478,458,Yes,Yes,No,No,A,Basic,Yes,2330,Medium,01/10/14,Yes,18,2011,"Feb,May,Aug,Nov"
967,6,Sat,05/04/13,7397,788,Yes,No,No,No,A,Extended,Yes,3560,Medium,01/09/13,Yes,36,2013,"Jan,Apr,Jul,Oct"
967,1,Mon,03/06/13,12733,1322,Yes,Yes,No,No,A,Extended,Yes,3560,Far,01/09/13,Yes,36,2013,"Jan,Apr,Jul,Oct"
967,6,Sat,05/03/14,6199,738,Yes,No,No,No,A,Extended,Yes,3560,Medium,01/09/13,Yes,36,2013,"Jan,Apr,Jul,Oct"
967,3,Wed,12/03/14,6067,761,Yes,No,No,No,A,Extended,Yes,3560,Far,01/09/13,Yes,36,2013,"Jan,Apr,Jul,Oct"
969,5,Fri,22/02/13,8679,1024,Yes,Yes,No,No,A,Extended,Yes,600,Far,01/11/99,Yes,10,2013,"Jan,Apr,Jul,Oct"
969,4,Thu,13/06/13,2820,606,Yes,No,No,No,A,Extended,Yes,600,Far,01/11/99,Yes,10,2013,"Jan,Apr,Jul,Oct"
969,4,Thu,27/06/13,3116,519,Yes,No,No,No,A,Extended,Yes,600,Far,01/11/99,Yes,10,2013,"Jan,Apr,Jul,Oct"
969,5,Fri,31/01/14,3125,528,Yes,No,No,No,A,Extended,Yes,600,Far,01/11/99,Yes,10,2013,"Jan,Apr,Jul,Oct"
969,6,Sat,19/04/14,2986,539,Yes,No,No,No,A,Extended,Yes,600,Medium,01/11/99,Yes,10,2013,"Jan,Apr,Jul,Oct"
969,6,Sat,14/11/22,3637,553,Yes,No,No,No,A,Extended,Yes,600,Medium,01/11/99,Yes,10,2013,"Jan,Apr,Jul,Oct"
969,2,Tue,15/06/23,3123,592,Yes,No,No,No,A,Extended,Yes,600,Medium,01/11/99,Yes,10,2013,"Jan,Apr,Jul,Oct"
970,3,Wed,26/06/13,3293,393,Yes,No,No,No,A,Basic,Yes,910,Medium,01/12/14,Yes,37,2009,"Jan,Apr,Jul,Oct"
970,2,Tue,04/01/14,4371,523,Yes,Yes,No,No,A,Basic,Yes,910,Medium,01/12/14,Yes,37,2009,"Jan,Apr,Jul,Oct"
970,3,Wed,29/01/14,3044,410,Yes,No,No,No,A,Basic,Yes,910,Medium,01/12/14,Yes,37,2009,"Jan,Apr,Jul,Oct"
971,2,Tue,29/01/13,5511,777,Yes,No,No,No,C,Basic,Yes,1140,Medium,01/05/11,Yes,14,2012,"Mar,Jun,Sept,Dec"
971,3,Wed,04/10/13,8325,1027,Yes,Yes,No,No,C,Basic,Yes,1140,Medium,01/05/11,Yes,14,2012,"Mar,Jun,Sept,Dec"
971,6,Sat,30/11/13,11254,1298,Yes,No,No,No,C,Basic,Yes,1140,Medium,01/05/11,Yes,14,2012,"Mar,Jun,Sept,Dec"
971,6,Sat,18/10/14,6559,822,Yes,No,No,No,C,Basic,Yes,1140,Far,01/05/11,Yes,14,2012,"Mar,Jun,Sept,Dec"
971,5,Fri,28/11/14,11517,1211,Yes,Yes,No,No,C,Basic,Yes,1140,Far,01/05/11,Yes,14,2012,"Mar,Jun,Sept,Dec"
974,6,Sat,11/01/14,9583,1346,Yes,No,No,No,A,Basic,Yes,150,Far,01/03/11,Yes,40,2014,"Jan,Apr,Jul,Oct"
974,2,Tue,14/07/15,15228,1841,Yes,Yes,No,No,A,Basic,Yes,150,Far,01/03/11,Yes,40,2014,"Jan,Apr,Jul,Oct"
977,5,Fri,10/11/13,5919,566,Yes,Yes,No,No,A,Basic,Yes,520,Far,01/09/05,Yes,13,2010,"Jan,Apr,Jul,Oct"
977,1,Mon,22/06/15,3931,445,Yes,No,No,No,A,Basic,Yes,520,Far,01/09/05,Yes,13,2010,"Jan,Apr,Jul,Oct"
979,2,Tue,21/05/13,5722,661,Yes,No,No,No,A,Extended,Yes,2270,Far,01/11/05,Yes,14,2011,"Jan,Apr,Jul,Oct"
979,6,Sat,01/12/13,3460,432,Yes,No,No,No,A,Extended,Yes,2270,Far,01/11/05,Yes,14,2011,"Jan,Apr,Jul,Oct"
979,6,Sat,22/02/14,4481,555,Yes,No,No,No,A,Extended,Yes,2270,Medium,01/11/05,Yes,14,2011,"Jan,Apr,Jul,Oct"
979,1,Mon,05/05/14,8423,765,Yes,Yes,No,No,A,Extended,Yes,2270,Far,01/11/05,Yes,14,2011,"Jan,Apr,Jul,Oct"
979,1,Mon,15/12/14,13140,989,Yes,Yes,No,No,A,Extended,Yes,2270,Medium,01/11/05,Yes,14,2011,"Jan,Apr,Jul,Oct"
979,2,Tue,16/12/14,10022,787,Yes,Yes,No,No,A,Extended,Yes,2270,Medium,01/11/05,Yes,14,2011,"Jan,Apr,Jul,Oct"
979,6,Sat,17/01/15,4894,583,Yes,No,No,No,A,Extended,Yes,2270,Far,01/11/05,Yes,14,2011,"Jan,Apr,Jul,Oct"
985,6,Sat,25/04/15,8954,863,Yes,No,No,No,C,Extended,Yes,490,Far,01/05/07,Yes,13,2010,"Jan,Apr,Jul,Oct"
986,6,Sat,26/10/13,4019,656,Yes,No,No,No,A,Basic,Yes,620,Far,01/10/14,Yes,18,2014,"Feb,May,Aug,Nov"
986,1,Mon,14/07/14,7496,845,Yes,Yes,No,Yes,A,Basic,Yes,620,Medium,01/10/14,Yes,18,2014,"Feb,May,Aug,Nov"
989,3,Wed,29/04/15,6770,673,Yes,Yes,No,No,A,Basic,Yes,1640,Far,01/06/06,Yes,40,2011,"Jan,Apr,Jul,Oct"
989,6,Sat,13/06/15,2901,347,Yes,No,No,No,A,Basic,Yes,1640,Medium,01/06/06,Yes,40,2011,"Jan,Apr,Jul,Oct"
989,1,Mon,15/04/20,5052,621,Yes,No,No,No,A,Basic,Yes,1640,Far,01/06/06,Yes,40,2011,"Jan,Apr,Jul,Oct"
993,5,Fri,22/02/13,8928,889,Yes,Yes,No,No,D,Extended,Yes,3460,Far,01/10/13,Yes,10,2014,"Jan,Apr,Jul,Oct"
993,5,Fri,03/01/14,6572,713,Yes,No,No,Yes,D,Extended,Yes,3460,Medium,01/10/13,Yes,10,2014,"Jan,Apr,Jul,Oct"
993,1,Mon,14/02/24,5284,594,Yes,No,No,Yes,D,Extended,Yes,3460,Far,01/10/13,Yes,10,2014,"Jan,Apr,Jul,Oct"
996,6,Sat,14/05/03,4662,594,Yes,No,No,No,C,Basic,Yes,2870,Far,01/07/15,Yes,13,2010,"Jan,Apr,Jul,Oct"
996,1,Mon,09/02/13,5765,714,Yes,No,No,No,C,Basic,Yes,2870,Far,01/07/15,Yes,13,2010,"Jan,Apr,Jul,Oct"
996,5,Fri,12/07/13,4725,607,Yes,No,No,No,C,Basic,Yes,2870,Far,01/07/15,Yes,13,2010,"Jan,Apr,Jul,Oct"
996,3,Wed,14/08/13,6645,702,Yes,Yes,No,Yes,C,Basic,Yes,2870,Medium,01/07/15,Yes,13,2010,"Jan,Apr,Jul,Oct"
996,3,Wed,02/12/14,5073,629,Yes,No,No,No,C,Basic,Yes,2870,Far,01/07/15,Yes,13,2010,"Jan,Apr,Jul,Oct"
996,6,Sat,30/05/15,5220,649,Yes,No,No,No,C,Basic,Yes,2870,Medium,01/07/15,Yes,13,2010,"Jan,Apr,Jul,Oct"
997,6,Sat,10/05/13,4795,418,Yes,No,No,No,D,Extended,Yes,5840,Far,01/07/10,Yes,37,2009,"Jan,Apr,Jul,Oct"
997,6,Sat,11/05/13,5163,411,Yes,No,No,No,D,Extended,Yes,5840,Far,01/07/10,Yes,37,2009,"Jan,Apr,Jul,Oct"
997,2,Tue,24/12/13,3157,309,Yes,No,No,Yes,D,Extended,Yes,5840,Far,01/07/10,Yes,37,2009,"Jan,Apr,Jul,Oct"
997,3,Wed,09/07/14,2558,253,Yes,No,No,No,D,Extended,Yes,5840,Medium,01/07/10,Yes,37,2009,"Jan,Apr,Jul,Oct"
997,3,Wed,12/11/14,5331,383,Yes,Yes,No,No,D,Extended,Yes,5840,Far,01/07/10,Yes,37,2009,"Jan,Apr,Jul,Oct"
997,1,Mon,16/02/15,7370,536,Yes,Yes,No,No,D,Extended,Yes,5840,Medium,01/07/10,Yes,37,2009,"Jan,Apr,Jul,Oct"
997,6,Sat,09/05/15,5406,440,Yes,No,No,No,D,Extended,Yes,5840,Medium,01/07/10,Yes,37,2009,"Jan,Apr,Jul,Oct"
998,1,Mon,28/10/13,3765,534,Yes,No,No,Yes,A,Basic,Yes,780,Far,01/09/05,Yes,5,2013,"Feb,May,Aug,Nov"
998,4,Thu,23/04/15,3830,475,Yes,No,No,No,A,Basic,Yes,780,Far,01/09/05,Yes,5,2013,"Feb,May,Aug,Nov"
999,3,Wed,13/02/13,5866,465,Yes,No,No,Yes,D,Extended,Yes,15140,Far,01/02/02,Yes,37,2009,"Jan,Apr,Jul,Oct"
999,3,Wed,08/05/13,8508,711,Yes,No,No,No,D,Extended,Yes,15140,Medium,01/02/02,Yes,37,2009,"Jan,Apr,Jul,Oct"
999,1,Mon,19/08/13,8397,673,Yes,No,No,Yes,D,Extended,Yes,15140,Medium,01/02/02,Yes,37,2009,"Jan,Apr,Jul,Oct"
999,3,Wed,11/09/13,10385,777,Yes,Yes,No,No,D,Extended,Yes,15140,Far,01/02/02,Yes,37,2009,"Jan,Apr,Jul,Oct"
999,1,Mon,02/11/13,6987,598,Yes,No,No,Yes,D,Extended,Yes,15140,Far,01/02/02,Yes,37,2009,"Jan,Apr,Jul,Oct"
1000,4,Thu,20/02/14,6956,638,Yes,Yes,No,No,A,Extended,Yes,2230,Far,01/05/09,Yes,40,2014,"Jan,Apr,Jul,Oct"
1003,5,Fri,15/01/16,8685,926,Yes,Yes,No,No,A,Basic,Yes,170,Far,01/07/13,Yes,27,2013,"Jan,Apr,Jul,Oct"
1003,3,Wed,13/06/19,7670,803,Yes,Yes,No,No,A,Basic,Yes,170,Far,01/07/13,Yes,27,2013,"Jan,Apr,Jul,Oct"
1006,1,Mon,17/11/14,5911,839,Yes,No,No,No,C,Extended,Yes,3890,Far,01/11/06,Yes,5,2013,"Feb,May,Aug,Nov"
1009,6,Sat,09/02/13,3062,311,Yes,No,No,No,A,Basic,Yes,230,Far,01/07/04,Yes,10,2014,"Jan,Apr,Jul,Oct"
1009,4,Thu,13/04/18,3921,435,Yes,No,No,No,A,Basic,Yes,230,Far,01/07/04,Yes,10,2014,"Jan,Apr,Jul,Oct"
1010,2,Tue,20/08/13,5009,572,Yes,No,No,No,D,Extended,Yes,4610,Far,01/06/10,Yes,18,2010,"Feb,May,Aug,Nov"
1010,5,Fri,07/04/14,8894,812,Yes,Yes,No,No,D,Extended,Yes,4610,Medium,01/06/10,Yes,18,2010,"Feb,May,Aug,Nov"
1010,6,Sat,27/09/14,9234,884,Yes,No,No,No,D,Extended,Yes,4610,Medium,01/06/10,Yes,18,2010,"Feb,May,Aug,Nov"
1010,2,Tue,14/10/14,5822,631,Yes,No,No,Yes,D,Extended,Yes,4610,Far,01/06/10,Yes,18,2010,"Feb,May,Aug,Nov"
1010,3,Wed,06/05/15,8664,714,Yes,Yes,No,No,D,Extended,Yes,4610,Far,01/06/10,Yes,18,2010,"Feb,May,Aug,Nov"
1010,6,Sat,27/06/15,9654,856,Yes,No,No,No,D,Extended,Yes,4610,Far,01/06/10,Yes,18,2010,"Feb,May,Aug,Nov"
1010,5,Fri,15/03/20,9605,852,Yes,Yes,No,No,D,Extended,Yes,4610,Far,01/06/10,Yes,18,2010,"Feb,May,Aug,Nov"
1011,2,Tue,15/06/09,5964,729,Yes,No,No,No,A,Extended,Yes,490,Far,01/09/12,Yes,18,2011,"Feb,May,Aug,Nov"
1011,5,Fri,13/07/12,6236,827,Yes,No,No,No,A,Extended,Yes,490,Far,01/09/12,Yes,18,2011,"Feb,May,Aug,Nov"
1011,1,Mon,13/01/14,6615,845,Yes,No,No,No,A,Extended,Yes,490,Far,01/09/12,Yes,18,2011,"Feb,May,Aug,Nov"
1012,4,Thu,06/05/14,6997,587,Yes,Yes,No,No,D,Extended,Yes,6330,Far,01/06/04,Yes,39,2010,"Jan,Apr,Jul,Oct"
1012,2,Tue,02/11/14,4325,416,Yes,No,No,No,D,Extended,Yes,6330,Far,01/06/04,Yes,39,2010,"Jan,Apr,Jul,Oct"
1012,2,Tue,13/11/26,4632,444,Yes,No,No,No,D,Extended,Yes,6330,Far,01/06/04,Yes,39,2010,"Jan,Apr,Jul,Oct"
1013,2,Tue,14/07/08,2787,298,Yes,No,No,Yes,A,Basic,Yes,630,Far,01/02/15,Yes,31,2013,"Feb,May,Aug,Nov"
1013,4,Thu,16/04/15,4093,470,Yes,Yes,No,No,A,Basic,Yes,630,Medium,01/02/15,Yes,31,2013,"Feb,May,Aug,Nov"
1013,1,Mon,18/05/15,5903,581,Yes,Yes,No,No,A,Basic,Yes,630,Medium,01/02/15,Yes,31,2013,"Feb,May,Aug,Nov"
1013,1,Mon,13/12/16,8042,750,Yes,Yes,No,No,A,Basic,Yes,630,Medium,01/02/15,Yes,31,2013,"Feb,May,Aug,Nov"
1015,5,Fri,04/05/13,5524,512,Yes,No,No,Yes,D,Extended,Yes,9910,Medium,01/12/10,Yes,9,2011,"Mar,Jun,Sept,Dec"
1015,4,Thu,23/05/13,4835,464,Yes,No,No,No,D,Extended,Yes,9910,Far,01/12/10,Yes,9,2011,"Mar,Jun,Sept,Dec"
1015,4,Thu,24/07/14,5265,465,Yes,No,No,No,D,Extended,Yes,9910,Far,01/12/10,Yes,9,2011,"Mar,Jun,Sept,Dec"
1015,2,Tue,14/10/14,4865,423,Yes,No,No,No,D,Extended,Yes,9910,Far,01/12/10,Yes,9,2011,"Mar,Jun,Sept,Dec"
1015,2,Tue,14/01/21,6297,479,Yes,Yes,No,No,D,Extended,Yes,9910,Medium,01/12/10,Yes,9,2011,"Mar,Jun,Sept,Dec"
1019,5,Fri,06/03/15,9807,796,Yes,Yes,No,No,D,Extended,Yes,2740,Far,01/07/14,Yes,13,2010,"Jan,Apr,Jul,Oct"
1023,2,Tue,07/02/13,7089,654,Yes,Yes,No,No,C,Basic,Yes,3740,Medium,01/02/02,Yes,14,2011,"Jan,Apr,Jul,Oct"
1023,5,Fri,24/05/13,5181,604,Yes,No,No,No,C,Basic,Yes,3740,Far,01/02/02,Yes,14,2011,"Jan,Apr,Jul,Oct"
1023,6,Sat,04/06/13,5386,687,Yes,No,No,No,C,Basic,Yes,3740,Far,01/02/02,Yes,14,2011,"Jan,Apr,Jul,Oct"
1023,6,Sat,31/08/13,5829,720,Yes,No,No,No,C,Basic,Yes,3740,Far,01/02/02,Yes,14,2011,"Jan,Apr,Jul,Oct"
1023,4,Thu,06/02/14,6115,655,Yes,Yes,No,No,C,Basic,Yes,3740,Far,01/02/02,Yes,14,2011,"Jan,Apr,Jul,Oct"
1023,4,Thu,27/02/14,3703,455,Yes,No,No,Yes,C,Basic,Yes,3740,Far,01/02/02,Yes,14,2011,"Jan,Apr,Jul,Oct"
1023,1,Mon,02/02/15,8043,794,Yes,Yes,No,No,C,Basic,Yes,3740,Far,01/02/02,Yes,14,2011,"Jan,Apr,Jul,Oct"
1026,2,Tue,30/07/13,12234,1450,Yes,Yes,No,Yes,C,Basic,Yes,450,Far,01/06/11,Yes,48,2012,"Mar,Jun,Sept,Dec"
1027,6,Sat,04/01/14,11202,1548,Yes,No,No,No,A,Extended,Yes,190,Medium,01/06/08,Yes,40,2011,"Jan,Apr,Jul,Oct"
1027,2,Tue,14/03/18,15479,1887,Yes,Yes,No,No,A,Extended,Yes,190,Far,01/06/08,Yes,40,2011,"Jan,Apr,Jul,Oct"
1032,1,Mon,14/05/12,7781,917,Yes,No,No,No,D,Extended,Yes,270,Far,01/02/13,Yes,40,2012,"Jan,Apr,Jul,Oct"
1032,4,Thu,28/02/13,8128,989,Yes,No,No,No,D,Extended,Yes,270,Far,01/02/13,Yes,40,2012,"Jan,Apr,Jul,Oct"
1032,1,Mon,24/03/14,7446,863,Yes,No,No,No,D,Extended,Yes,270,Far,01/02/13,Yes,40,2012,"Jan,Apr,Jul,Oct"
1032,2,Tue,14/04/15,12603,1276,Yes,Yes,No,No,D,Extended,Yes,270,Far,01/02/13,Yes,40,2012,"Jan,Apr,Jul,Oct"
1039,3,Wed,13/10/02,7457,920,Yes,No,No,No,A,Extended,Yes,70,Far,01/06/90,Yes,22,2012,"Mar,Jun,Sept,Dec"
1039,1,Mon,18/05/15,10254,1147,Yes,Yes,No,No,A,Extended,Yes,70,Far,01/06/90,Yes,22,2012,"Mar,Jun,Sept,Dec"
1039,3,Wed,13/11/27,7658,1013,Yes,No,No,No,A,Extended,Yes,70,Far,01/06/90,Yes,22,2012,"Mar,Jun,Sept,Dec"
1040,3,Wed,07/08/13,6233,705,Yes,No,No,Yes,A,Basic,Yes,4030,Far,01/02/13,Yes,10,2014,"Jan,Apr,Jul,Oct"
1041,4,Thu,13/06/13,4673,604,Yes,No,No,No,C,Basic,Yes,1600,Far,01/08/13,Yes,40,2014,"Jan,Apr,Jul,Oct"
1041,1,Mon,14/10/13,5215,657,Yes,No,No,No,C,Basic,Yes,1600,Far,01/08/13,Yes,40,2014,"Jan,Apr,Jul,Oct"
1044,4,Thu,12/12/13,6890,923,Yes,No,No,No,C,Basic,Yes,240,Far,01/04/15,Yes,13,2010,"Jan,Apr,Jul,Oct"
1044,3,Wed,26/02/14,4856,714,Yes,No,No,No,C,Basic,Yes,240,Medium,01/04/15,Yes,13,2010,"Jan,Apr,Jul,Oct"
1044,5,Fri,15/03/20,6522,874,Yes,Yes,No,No,C,Basic,Yes,240,Far,01/04/15,Yes,13,2010,"Jan,Apr,Jul,Oct"
1048,5,Fri,24/10/14,6870,549,Yes,Yes,No,Yes,D,Extended,Yes,1860,Far,01/09/12,Yes,40,2012,"Jan,Apr,Jul,Oct"
1048,1,Mon,06/01/15,11711,773,Yes,Yes,No,No,D,Extended,Yes,1860,Medium,01/09/12,Yes,40,2012,"Jan,Apr,Jul,Oct"
1048,6,Sat,13/04/20,4661,433,Yes,No,No,No,D,Extended,Yes,1860,Far,01/09/12,Yes,40,2012,"Jan,Apr,Jul,Oct"
1049,5,Fri,31/01/14,4086,655,Yes,No,No,No,A,Basic,Yes,370,Far,01/07/12,Yes,14,2011,"Jan,Apr,Jul,Oct"
1049,6,Sat,01/11/14,3494,524,Yes,No,No,No,A,Basic,Yes,370,Far,01/07/12,Yes,14,2011,"Jan,Apr,Jul,Oct"
1049,5,Fri,27/02/15,4084,659,Yes,No,No,No,A,Basic,Yes,370,Medium,01/07/12,Yes,14,2011,"Jan,Apr,Jul,Oct"
1050,3,Wed,15/05/13,6512,455,Yes,Yes,No,No,D,Extended,Yes,13170,Medium,01/08/14,Yes,9,2011,"Mar,Jun,Sept,Dec"
1050,5,Fri,27/09/13,7565,568,Yes,Yes,No,No,D,Extended,Yes,13170,Medium,01/08/14,Yes,9,2011,"Mar,Jun,Sept,Dec"
1050,5,Fri,25/10/13,8110,575,Yes,Yes,No,Yes,D,Extended,Yes,13170,Medium,01/08/14,Yes,9,2011,"Mar,Jun,Sept,Dec"
1050,5,Fri,24/10/14,7911,551,Yes,Yes,No,Yes,D,Extended,Yes,13170,Far,01/08/14,Yes,9,2011,"Mar,Jun,Sept,Dec"
1050,2,Tue,28/10/14,5462,417,Yes,No,No,Yes,D,Extended,Yes,13170,Far,01/08/14,Yes,9,2011,"Mar,Jun,Sept,Dec"
1050,4,Thu,14/02/27,5555,467,Yes,No,No,No,D,Extended,Yes,13170,Far,01/08/14,Yes,9,2011,"Mar,Jun,Sept,Dec"
1071,6,Sat,23/03/13,3953,502,Yes,No,No,No,A,Basic,Yes,820,Far,01/03/12,Yes,35,2012,"Mar,Jun,Sept,Dec"
1071,5,Fri,21/11/14,5790,677,Yes,No,No,No,A,Basic,Yes,820,Far,01/03/12,Yes,35,2012,"Mar,Jun,Sept,Dec"
1072,1,Mon,25/03/13,9503,791,Yes,Yes,No,Yes,A,Extended,Yes,5380,Far,01/08/15,Yes,5,2010,"Feb,May,Aug,Nov"
1072,1,Mon,29/07/13,10063,836,Yes,Yes,No,Yes,A,Extended,Yes,5380,Medium,01/08/15,Yes,5,2010,"Feb,May,Aug,Nov"
1072,6,Sat,26/07/14,3727,371,Yes,No,No,No,A,Extended,Yes,5380,Far,01/08/15,Yes,5,2010,"Feb,May,Aug,Nov"
1072,6,Sat,29/11/14,4929,439,Yes,No,No,No,A,Extended,Yes,5380,Far,01/08/15,Yes,5,2010,"Feb,May,Aug,Nov"
1074,5,Fri,15/02/13,4273,553,Yes,No,No,Yes,C,Extended,Yes,3330,Far,01/10/01,Yes,14,2011,"Jan,Apr,Jul,Oct"
1074,5,Fri,27/09/13,5747,638,Yes,Yes,No,No,C,Extended,Yes,3330,Medium,01/10/01,Yes,14,2011,"Jan,Apr,Jul,Oct"
1077,4,Thu,13/01/03,3675,460,Yes,No,No,Yes,A,Basic,Yes,3750,Medium,01/11/01,Yes,35,2010,"Mar,Jun,Sept,Dec"
1077,4,Thu,28/02/13,5283,549,Yes,No,No,No,A,Basic,Yes,3750,Medium,01/11/01,Yes,35,2010,"Mar,Jun,Sept,Dec"
1077,5,Fri,05/06/15,6152,620,Yes,Yes,No,No,A,Basic,Yes,3750,Far,01/11/01,Yes,35,2010,"Mar,Jun,Sept,Dec"
1086,6,Sat,13/07/06,6712,700,Yes,No,No,Yes,A,Basic,Yes,180,Medium,01/11/13,Yes,18,2011,"Feb,May,Aug,Nov"
1086,4,Thu,01/02/14,6286,786,Yes,No,No,Yes,A,Basic,Yes,180,Far,01/11/13,Yes,18,2011,"Feb,May,Aug,Nov"
1086,3,Wed,22/04/15,4143,546,Yes,No,No,No,A,Basic,Yes,180,Far,01/11/13,Yes,18,2011,"Feb,May,Aug,Nov"
1088,1,Mon,30/09/13,5360,512,Yes,No,No,No,A,Basic,Yes,4300,Far,01/03/09,Yes,27,2013,"Jan,Apr,Jul,Oct"
1088,5,Fri,31/01/14,5289,509,Yes,No,No,No,A,Basic,Yes,4300,Far,01/03/09,Yes,27,2013,"Jan,Apr,Jul,Oct"
1088,4,Thu,14/05/22,5751,525,Yes,Yes,No,No,A,Basic,Yes,4300,Medium,01/03/09,Yes,27,2013,"Jan,Apr,Jul,Oct"
1094,2,Tue,13/04/09,4088,342,Yes,Yes,No,No,D,Basic,Yes,2380,Far,01/03/13,Yes,40,2014,"Jan,Apr,Jul,Oct"
1094,5,Fri,02/05/14,6349,485,Yes,Yes,No,No,D,Basic,Yes,2380,Far,01/03/13,Yes,40,2014,"Jan,Apr,Jul,Oct"
1094,2,Tue,13/01/22,5061,383,Yes,Yes,No,No,D,Basic,Yes,2380,Far,01/03/13,Yes,40,2014,"Jan,Apr,Jul,Oct"
1095,6,Sat,14/02/08,2933,427,Yes,No,No,No,A,Basic,Yes,690,Medium,01/06/07,Yes,14,2011,"Jan,Apr,Jul,Oct"
1095,6,Sat,08/03/13,2269,421,Yes,No,No,No,A,Basic,Yes,690,Far,01/06/07,Yes,14,2011,"Jan,Apr,Jul,Oct"
1095,5,Fri,27/12/13,5259,787,Yes,No,No,Yes,A,Basic,Yes,690,Far,01/06/07,Yes,14,2011,"Jan,Apr,Jul,Oct"
1095,4,Thu,06/11/15,4135,632,Yes,No,No,No,A,Basic,Yes,690,Medium,01/06/07,Yes,14,2011,"Jan,Apr,Jul,Oct"
1099,6,Sat,21/12/13,8401,948,Yes,No,No,No,A,Extended,Yes,200,Medium,01/04/13,Yes,14,2013,"Jan,Apr,Jul,Oct"
1099,3,Wed,19/02/14,6598,775,Yes,Yes,No,No,A,Extended,Yes,200,Far,01/04/13,Yes,14,2013,"Jan,Apr,Jul,Oct"
1099,3,Wed,14/05/14,5987,827,Yes,No,No,No,A,Extended,Yes,200,Medium,01/04/13,Yes,14,2013,"Jan,Apr,Jul,Oct"
1099,1,Mon,07/07/14,8333,1132,Yes,No,No,No,A,Extended,Yes,200,Far,01/04/13,Yes,14,2013,"Jan,Apr,Jul,Oct"
1099,3,Wed,26/11/14,7944,872,Yes,Yes,No,No,A,Extended,Yes,200,Far,01/04/13,Yes,14,2013,"Jan,Apr,Jul,Oct"
1099,4,Thu,09/04/15,8035,1086,Yes,No,No,Yes,A,Extended,Yes,200,Far,01/04/13,Yes,14,2013,"Jan,Apr,Jul,Oct"
1102,1,Mon,14/01/13,5979,697,Yes,No,No,No,A,Basic,Yes,850,Far,01/11/12,Yes,40,2014,"Jan,Apr,Jul,Oct"
1102,4,Thu,20/03/14,6870,764,Yes,Yes,No,No,A,Basic,Yes,850,Far,01/11/12,Yes,40,2014,"Jan,Apr,Jul,Oct"
1102,2,Tue,14/04/15,7707,732,Yes,Yes,No,No,A,Basic,Yes,850,Far,01/11/12,Yes,40,2014,"Jan,Apr,Jul,Oct"
1103,5,Fri,13/07/12,3666,280,Yes,No,No,Yes,D,Extended,Yes,1340,Far,01/10/06,Yes,5,2013,"Feb,May,Aug,Nov"
1103,6,Sat,19/01/13,3778,318,Yes,No,No,No,D,Extended,Yes,1340,Far,01/10/06,Yes,5,2013,"Feb,May,Aug,Nov"
1103,4,Thu,25/07/13,2908,240,Yes,No,No,Yes,D,Extended,Yes,1340,Far,01/10/06,Yes,5,2013,"Feb,May,Aug,Nov"
1103,2,Tue,15/07/14,5658,430,Yes,Yes,No,No,D,Extended,Yes,1340,Medium,01/10/06,Yes,5,2013,"Feb,May,Aug,Nov"
1103,2,Tue,26/08/14,3391,295,Yes,No,No,Yes,D,Extended,Yes,1340,Medium,01/10/06,Yes,5,2013,"Feb,May,Aug,Nov"
1104,1,Mon,14/03/10,4174,363,Yes,No,No,No,D,Basic,Yes,260,Medium,01/02/12,Yes,14,2011,"Jan,Apr,Jul,Oct"
1104,1,Mon,06/05/13,4385,381,Yes,No,No,No,D,Basic,Yes,260,Far,01/02/12,Yes,14,2011,"Jan,Apr,Jul,Oct"
1104,3,Wed,06/03/15,6142,496,Yes,Yes,No,Yes,D,Basic,Yes,260,Medium,01/02/12,Yes,14,2011,"Jan,Apr,Jul,Oct"
1104,5,Fri,27/03/15,4795,410,Yes,No,No,No,D,Basic,Yes,260,Medium,01/02/12,Yes,14,2011,"Jan,Apr,Jul,Oct"
1104,2,Tue,13/12/24,4228,319,Yes,No,No,Yes,D,Basic,Yes,260,Medium,01/02/12,Yes,14,2011,"Jan,Apr,Jul,Oct"
1105,2,Tue,13/04/09,4381,485,Yes,Yes,No,No,C,Extended,Yes,330,Far,01/11/08,Yes,5,2013,"Feb,May,Aug,Nov"
1105,3,Wed,29/05/13,4376,444,Yes,Yes,No,No,C,Extended,Yes,330,Medium,01/11/08,Yes,5,2013,"Feb,May,Aug,Nov"
1105,6,Sat,17/05/14,3971,437,Yes,No,No,No,C,Extended,Yes,330,Medium,01/11/08,Yes,5,2013,"Feb,May,Aug,Nov"
1105,2,Tue,13/01/22,4682,546,Yes,Yes,No,No,C,Extended,Yes,330,Medium,01/11/08,Yes,5,2013,"Feb,May,Aug,Nov"
1106,6,Sat,14/12/06,3638,421,Yes,No,No,No,A,Extended,Yes,5330,Medium,01/09/11,Yes,31,2013,"Jan,Apr,Jul,Oct"
1106,5,Fri,15/11/13,4247,545,Yes,No,No,No,A,Extended,Yes,5330,Medium,01/09/11,Yes,31,2013,"Jan,Apr,Jul,Oct"
1106,1,Mon,05/05/14,6632,710,Yes,Yes,No,No,A,Extended,Yes,5330,Medium,01/09/11,Yes,31,2013,"Jan,Apr,Jul,Oct"
1106,2,Tue,27/05/14,4359,519,Yes,No,No,No,A,Extended,Yes,5330,Medium,01/09/11,Yes,31,2013,"Jan,Apr,Jul,Oct"
1106,6,Sat,31/01/15,2819,330,Yes,No,No,No,A,Extended,Yes,5330,Medium,01/09/11,Yes,31,2013,"Jan,Apr,Jul,Oct"
1106,5,Fri,20/03/15,5316,592,Yes,Yes,No,No,A,Extended,Yes,5330,Far,01/09/11,Yes,31,2013,"Jan,Apr,Jul,Oct"
1106,2,Tue,13/08/20,4458,566,Yes,No,No,No,A,Extended,Yes,5330,Medium,01/09/11,Yes,31,2013,"Jan,Apr,Jul,Oct"
1107,5,Fri,15/03/13,4975,573,Yes,No,No,No,A,Basic,Yes,1400,Medium,01/06/12,Yes,13,2010,"Jan,Apr,Jul,Oct"
1107,4,Thu,15/04/16,6267,682,Yes,Yes,No,No,A,Basic,Yes,1400,Far,01/06/12,Yes,13,2010,"Jan,Apr,Jul,Oct"
1109,3,Wed,03/06/13,5605,488,Yes,Yes,No,No,C,Basic,Yes,3490,Medium,01/04/11,Yes,22,2012,"Jan,Apr,Jul,Oct"
1109,4,Thu,06/03/14,5595,496,Yes,Yes,No,Yes,C,Basic,Yes,3490,Medium,01/04/11,Yes,22,2012,"Jan,Apr,Jul,Oct"
1109,4,Thu,30/07/15,5520,466,Yes,Yes,No,No,C,Basic,Yes,3490,Far,01/04/11,Yes,22,2012,"Jan,Apr,Jul,Oct"
1111,1,Mon,13/06/10,4497,482,Yes,No,No,No,A,Basic,Yes,1900,Far,01/06/14,Yes,31,2013,"Jan,Apr,Jul,Oct"
1111,3,Wed,23/07/14,3692,314,Yes,No,No,Yes,A,Basic,Yes,1900,Far,01/06/14,Yes,31,2013,"Jan,Apr,Jul,Oct"
1111,6,Sat,23/08/14,2513,238,Yes,No,No,No,A,Basic,Yes,1900,Far,01/06/14,Yes,31,2013,"Jan,Apr,Jul,Oct"